time,start_value,end_value,highest,lowest,trade_volume,trade_value,percent_change
2017-09-25 09:35,3829.22,3830.38,3830.51,3826.56,4123799,57.6亿,-
2017-09-25 09:40,3830.15,3820.29,3830.15,3820.29,4089254,53.9亿,0.26%
2017-09-25 09:45,3820.37,3823.45,3824.02,3819.16,3743279,48.7亿,0.13%
2017-09-25 09:50,3823.16,3823.06,3823.84,3822.22,3158765,40.8亿,0.04%
2017-09-25 09:55,3822.70,3825.69,3825.75,3820.41,3452599,45.7亿,0.14%
2017-09-25 10:00,3825.27,3830.98,3831.24,3825.27,2659652,38.1亿,0.16%
2017-09-25 10:05,3831.08,3834.15,3835.03,3831.08,2750340,40.6亿,0.1%
2017-09-25 10:10,3834.37,3831.58,3835.39,3831.58,2309515,34.9亿,0.1%
2017-09-25 10:15,3831.81,3831.69,3832.25,3830.74,1884553,28.3亿,0.04%
2017-09-25 10:20,3831.83,3828.72,3832.18,3828.72,1764905,26.7亿,0.09%
2017-09-25 10:25,3828.77,3827.92,3829.77,3827.80,1887303,27.6亿,0.05%
2017-09-25 10:30,3827.92,3827.60,3828.42,3826.69,2042568,28.3亿,0.05%
2017-09-25 10:35,3827.60,3828.56,3828.73,3827.24,1688442,24亿,0.04%
2017-09-25 10:40,3828.56,3825.16,3829.06,3824.98,1723587,24.5亿,0.11%
2017-09-25 10:45,3824.61,3822.72,3824.61,3822.07,2116182,29.4亿,0.07%
2017-09-25 10:50,3823.46,3823.61,3824.23,3822.59,1391788,20.1亿,0.04%
2017-09-25 10:55,3823.49,3827.87,3827.99,3823.49,1394030,20.7亿,0.12%
2017-09-25 11:00,3828.03,3827.20,3828.47,3826.77,1149628,16.1亿,0.04%
2017-09-25 11:05,3827.28,3825.32,3827.28,3825.32,1251746,17.9亿,0.05%
2017-09-25 11:10,3825.17,3820.62,3826.24,3820.62,1530986,20.8亿,0.15%
2017-09-25 11:15,3820.92,3821.02,3821.86,3819.88,1222458,17.6亿,0.05%
2017-09-25 11:20,3821.36,3817.07,3821.39,3816.82,1387251,19.1亿,0.12%
2017-09-25 11:25,3816.55,3817.47,3817.76,3815.07,1427972,19亿,0.07%
2017-09-25 11:30,3817.22,3822.03,3822.47,3817.22,1229486,15.9亿,0.14%
2017-09-25 13:05,3822.05,3821.86,3822.08,3819.06,1447750,17.9亿,0.08%
2017-09-25 13:10,3822.19,3821.72,3822.97,3821.62,913893,12.9亿,0.04%
2017-09-25 13:15,3822.01,3821.38,3822.01,3820.47,866092,12.8亿,0.04%
2017-09-25 13:20,3820.80,3820.50,3821.33,3819.96,976814,13.4亿,0.04%
2017-09-25 13:25,3820.85,3819.15,3821.04,3819.02,905669,13.7亿,0.05%
2017-09-25 13:30,3819.10,3821.15,3821.51,3819.03,1243682,18亿,0.07%
2017-09-25 13:35,3821.00,3820.59,3821.49,3819.27,1285640,17.7亿,0.06%
2017-09-25 13:40,3819.79,3820.72,3820.72,3818.57,1581913,20.2亿,0.06%
2017-09-25 13:45,3821.01,3823.10,3823.45,3820.90,1352811,18亿,0.07%
2017-09-25 13:50,3823.15,3824.25,3824.44,3822.90,993437,14.2亿,0.04%
2017-09-25 13:55,3824.10,3821.47,3824.46,3820.88,1048405,14.7亿,0.09%
2017-09-25 14:00,3821.14,3821.77,3821.87,3819.08,1641403,20.9亿,0.07%
2017-09-25 14:05,3822.27,3822.19,3823.49,3821.84,1462828,19.8亿,0.04%
2017-09-25 14:10,3822.27,3822.96,3824.09,3819.26,2336724,28.9亿,0.13%
2017-09-25 14:15,3823.45,3822.73,3824.10,3822.65,1643343,20.5亿,0.04%
2017-09-25 14:20,3822.13,3821.43,3822.51,3819.92,2458327,30.6亿,0.07%
2017-09-25 14:25,3821.43,3821.51,3823.07,3820.94,2473481,31.9亿,0.06%
2017-09-25 14:30,3821.51,3824.02,3824.02,3818.27,3810962,42.1亿,0.15%
2017-09-25 14:35,3824.02,3823.60,3825.15,3823.20,1980034,25.2亿,0.05%
2017-09-25 14:40,3823.60,3819.71,3823.62,3819.33,1887488,25.4亿,0.11%
2017-09-25 14:45,3819.24,3819.60,3819.82,3815.78,3822950,42亿,0.11%
2017-09-25 14:50,3819.69,3812.26,3819.74,3812.26,3176917,39.3亿,0.2%
2017-09-25 14:55,3812.75,3817.83,3818.32,3811.12,7516114,77.8亿,0.19%
2017-09-25 15:00,3817.41,3817.79,3818.59,3815.76,5165889,58.2亿,0.07%
2017-09-26 09:35,3810.33,3819.62,3819.90,3810.33,3534294,43.3亿,0.25%
2017-09-26 09:40,3819.68,3819.05,3820.16,3817.58,2714830,34.9亿,0.07%
2017-09-26 09:45,3819.30,3817.43,3820.81,3817.43,2764340,35亿,0.09%
2017-09-26 09:50,3817.39,3811.24,3817.39,3811.24,2582483,35.7亿,0.16%
2017-09-26 09:55,3811.38,3813.83,3813.89,3810.93,2242891,32.7亿,0.08%
2017-09-26 10:00,3813.63,3814.05,3814.85,3813.63,2176322,27.9亿,0.03%
2017-09-26 10:05,3813.96,3809.32,3814.16,3809.04,2018378,29.5亿,0.13%
2017-09-26 10:10,3809.15,3813.36,3813.36,3809.04,2084297,28.7亿,0.11%
2017-09-26 10:15,3813.47,3814.28,3814.67,3811.87,1795825,24.3亿,0.07%
2017-09-26 10:20,3814.39,3818.55,3818.58,3814.28,1696783,24.5亿,0.11%
2017-09-26 10:25,3818.24,3820.40,3820.83,3818.24,2302452,25.3亿,0.07%
2017-09-26 10:30,3820.40,3820.27,3821.62,3820.11,2009034,20.9亿,0.04%
2017-09-26 10:35,3820.27,3819.92,3820.27,3818.17,2292300,21.5亿,0.05%
2017-09-26 10:40,3819.97,3821.63,3821.63,3819.71,1902826,19.1亿,0.05%
2017-09-26 10:45,3821.45,3819.13,3821.69,3818.91,1578337,18.6亿,0.07%
2017-09-26 10:50,3819.39,3817.80,3819.39,3817.35,1458570,19亿,0.05%
2017-09-26 10:55,3817.42,3816.07,3817.42,3815.34,1579696,18亿,0.05%
2017-09-26 11:00,3815.85,3818.03,3818.03,3815.70,1341807,17.6亿,0.06%
2017-09-26 11:05,3817.74,3817.31,3818.36,3817.05,1409132,15.7亿,0.03%
2017-09-26 11:10,3817.27,3818.35,3818.77,3816.82,1550969,18.3亿,0.05%
2017-09-26 11:15,3818.43,3820.48,3820.53,3818.43,1169304,14.2亿,0.06%
2017-09-26 11:20,3820.31,3820.42,3820.72,3819.80,1013646,13亿,0.02%
2017-09-26 11:25,3820.08,3819.49,3820.51,3819.36,1000644,12.5亿,0.03%
2017-09-26 11:30,3819.21,3819.74,3819.85,3819.02,1050028,12.2亿,0.02%
2017-09-26 13:05,3819.70,3820.69,3821.23,3819.70,2123491,18.4亿,0.04%
2017-09-26 13:10,3820.43,3820.87,3821.36,3820.12,1081678,11.7亿,0.03%
2017-09-26 13:15,3820.67,3819.28,3821.20,3819.28,1840793,16.5亿,0.05%
2017-09-26 13:20,3819.39,3819.61,3819.97,3818.82,1140627,13.2亿,0.03%
2017-09-26 13:25,3819.49,3818.48,3820.19,3818.09,1089262,13.9亿,0.05%
2017-09-26 13:30,3818.44,3816.34,3818.74,3816.18,1158283,14.7亿,0.07%
2017-09-26 13:35,3816.48,3815.08,3816.48,3814.58,1175827,15亿,0.05%
2017-09-26 13:40,3815.05,3814.45,3815.06,3813.53,1380443,16.7亿,0.04%
2017-09-26 13:45,3814.19,3812.57,3814.47,3812.57,1345015,16.2亿,0.05%
2017-09-26 13:50,3812.39,3811.47,3812.58,3810.46,1646567,19.3亿,0.06%
2017-09-26 13:55,3811.27,3814.40,3814.46,3811.27,1277876,15.3亿,0.08%
2017-09-26 14:00,3814.40,3813.99,3815.42,3813.52,1169597,14.1亿,0.05%
2017-09-26 14:05,3814.17,3815.06,3815.29,3814.17,1350837,17.5亿,0.03%
2017-09-26 14:10,3814.70,3815.59,3815.82,3814.35,1190149,15.8亿,0.04%
2017-09-26 14:15,3815.13,3813.04,3815.71,3812.87,1147363,15.2亿,0.07%
2017-09-26 14:20,3813.20,3811.81,3813.44,3811.81,1209823,16亿,0.04%
2017-09-26 14:25,3811.99,3810.89,3812.12,3810.76,1484541,18.8亿,0.04%
2017-09-26 14:30,3811.19,3811.69,3812.19,3810.96,1195856,15.6亿,0.03%
2017-09-26 14:35,3811.43,3809.79,3811.79,3808.38,1869806,24.4亿,0.09%
2017-09-26 14:40,3810.44,3814.44,3814.44,3810.05,2308184,29.1亿,0.12%
2017-09-26 14:45,3814.42,3814.84,3815.91,3814.18,1662580,21.9亿,0.05%
2017-09-26 14:50,3815.19,3815.39,3815.54,3814.47,1687643,22.8亿,0.03%
2017-09-26 14:55,3815.46,3817.83,3818.09,3815.23,2098451,27.6亿,0.07%
2017-09-26 15:00,3818.11,3820.78,3820.78,3817.98,2540932,33亿,0.07%
2017-09-27 09:35,3818.96,3822.45,3822.66,3818.81,3388843,42.3亿,0.1%
2017-09-27 09:40,3822.45,3820.60,3822.99,3820.45,2834980,37.9亿,0.07%
2017-09-27 09:45,3820.51,3819.92,3820.51,3819.32,2423658,32.1亿,0.03%
2017-09-27 09:50,3819.62,3821.51,3821.79,3819.29,2575157,32.9亿,0.07%
2017-09-27 09:55,3821.41,3821.57,3822.62,3820.99,2528507,33.1亿,0.04%
2017-09-27 10:00,3821.68,3820.10,3822.49,3819.81,2167944,29.2亿,0.07%
2017-09-27 10:05,3820.84,3823.09,3823.48,3820.34,1969375,29.4亿,0.08%
2017-09-27 10:10,3823.47,3823.60,3824.15,3822.31,2028730,29亿,0.05%
2017-09-27 10:15,3823.74,3823.33,3824.42,3822.94,1780434,25.5亿,0.04%
2017-09-27 10:20,3823.33,3821.92,3823.47,3821.60,1769735,22.4亿,0.05%
2017-09-27 10:25,3821.59,3821.55,3822.23,3820.59,1873275,22.1亿,0.04%
2017-09-27 10:30,3821.25,3822.88,3822.88,3821.25,1488263,19.6亿,0.04%
2017-09-27 10:35,3822.81,3824.31,3824.89,3822.81,1490091,20亿,0.05%
2017-09-27 10:40,3824.57,3824.01,3825.17,3823.64,1449147,19亿,0.04%
2017-09-27 10:45,3823.91,3823.50,3824.12,3823.05,1362952,19.1亿,0.03%
2017-09-27 10:50,3823.04,3823.65,3824.05,3822.71,1469615,18.7亿,0.03%
2017-09-27 10:55,3823.39,3824.53,3824.96,3822.84,1225536,17.2亿,0.06%
2017-09-27 11:00,3824.58,3824.39,3825.72,3824.26,1398635,19.3亿,0.04%
2017-09-27 11:05,3824.76,3824.02,3824.88,3823.45,1290623,16.5亿,0.04%
2017-09-27 11:10,3824.26,3825.06,3825.97,3823.73,1003713,14.9亿,0.06%
2017-09-27 11:15,3824.70,3825.43,3826.42,3824.38,1150982,16.4亿,0.05%
2017-09-27 11:20,3825.31,3826.58,3827.25,3825.13,1230071,17.5亿,0.06%
2017-09-27 11:25,3826.73,3825.80,3827.52,3825.61,1290288,17.3亿,0.05%
2017-09-27 11:30,3825.67,3826.35,3826.58,3825.31,1023222,16.1亿,0.03%
2017-09-27 13:05,3826.33,3826.57,3827.75,3826.33,1378463,17.6亿,0.04%
2017-09-27 13:10,3826.71,3826.89,3827.36,3826.17,1341918,14.9亿,0.03%
2017-09-27 13:15,3827.22,3828.21,3828.21,3826.77,1356075,16.3亿,0.04%
2017-09-27 13:20,3827.90,3827.61,3828.63,3827.61,1423591,16.6亿,0.03%
2017-09-27 13:25,3827.52,3825.06,3827.95,3824.94,1150406,15.2亿,0.08%
2017-09-27 13:30,3825.32,3824.25,3825.33,3823.60,1148453,14.4亿,0.05%
2017-09-27 13:35,3824.14,3825.97,3825.97,3823.65,1089601,13.6亿,0.06%
2017-09-27 13:40,3825.42,3825.42,3825.69,3824.62,1439319,15.9亿,0.03%
2017-09-27 13:45,3825.17,3828.41,3828.41,3825.17,1479967,19亿,0.08%
2017-09-27 13:50,3828.54,3831.65,3832.23,3828.43,2367852,26.9亿,0.1%
2017-09-27 13:55,3831.44,3831.01,3832.46,3830.16,2527034,26.5亿,0.06%
2017-09-27 14:00,3830.66,3831.33,3831.35,3830.10,1705624,20亿,0.03%
2017-09-27 14:05,3831.15,3831.85,3832.57,3830.89,2066180,23.3亿,0.04%
2017-09-27 14:10,3831.99,3830.92,3831.99,3830.26,1769030,21.4亿,0.05%
2017-09-27 14:15,3830.81,3830.80,3831.28,3830.21,1611220,19.4亿,0.03%
2017-09-27 14:20,3830.60,3830.51,3831.33,3830.32,1695813,21.4亿,0.03%
2017-09-27 14:25,3830.44,3827.32,3830.44,3827.28,1865494,23.3亿,0.08%
2017-09-27 14:30,3827.19,3825.77,3827.35,3825.25,1786288,22.5亿,0.05%
2017-09-27 14:35,3825.59,3825.03,3825.77,3824.01,1933465,23.3亿,0.05%
2017-09-27 14:40,3824.85,3825.20,3825.66,3824.56,1920752,23.8亿,0.03%
2017-09-27 14:45,3824.96,3822.67,3825.20,3822.53,2059858,27.6亿,0.07%
2017-09-27 14:50,3822.77,3822.51,3823.09,3821.51,2264711,27.9亿,0.04%
2017-09-27 14:55,3822.35,3820.72,3822.72,3820.06,2572973,31.7亿,0.07%
2017-09-27 15:00,3820.57,3821.20,3822.13,3820.10,2967711,37.1亿,0.05%
2017-09-28 09:35,3821.59,3823.52,3823.52,3819.80,2783576,36.6亿,0.1%
2017-09-28 09:40,3823.32,3820.66,3823.55,3820.31,2629699,34.4亿,0.08%
2017-09-28 09:45,3820.79,3822.54,3822.54,3820.57,2741577,35.6亿,0.05%
2017-09-28 09:50,3822.49,3820.59,3823.01,3820.53,2564905,35.4亿,0.06%
2017-09-28 09:55,3820.54,3817.58,3820.54,3816.88,2817327,37.7亿,0.1%
2017-09-28 10:00,3817.59,3816.67,3818.23,3816.29,2306095,34.9亿,0.05%
2017-09-28 10:05,3816.34,3816.63,3816.63,3813.75,2363849,32.3亿,0.08%
2017-09-28 10:10,3816.47,3818.09,3818.50,3816.32,1913921,26.7亿,0.06%
2017-09-28 10:15,3817.72,3818.52,3819.36,3817.68,2358429,31.7亿,0.04%
2017-09-28 10:20,3818.40,3815.72,3818.40,3815.67,2384148,30.4亿,0.07%
2017-09-28 10:25,3815.98,3816.97,3817.01,3815.75,1906580,23.8亿,0.03%
2017-09-28 10:30,3817.02,3818.65,3818.97,3816.79,1765888,22.9亿,0.06%
2017-09-28 10:35,3819.14,3819.96,3820.83,3818.68,1913843,21.4亿,0.06%
2017-09-28 10:40,3819.68,3817.28,3819.68,3816.29,1782578,20亿,0.09%
2017-09-28 10:45,3816.80,3816.72,3817.51,3816.53,1520934,18.4亿,0.03%
2017-09-28 10:50,3816.99,3819.53,3819.64,3816.67,1422030,19.7亿,0.08%
2017-09-28 10:55,3819.84,3819.81,3820.32,3819.18,1203713,15.8亿,0.03%
2017-09-28 11:00,3819.73,3818.19,3819.84,3817.90,1375700,16.9亿,0.05%
2017-09-28 11:05,3818.08,3817.67,3818.75,3817.61,1378108,17亿,0.03%
2017-09-28 11:10,3817.49,3818.62,3818.73,3817.09,1436139,17.1亿,0.04%
2017-09-28 11:15,3818.67,3822.15,3822.15,3818.01,1451382,17.4亿,0.11%
2017-09-28 11:20,3821.77,3821.94,3822.28,3821.00,1315614,15.8亿,0.03%
2017-09-28 11:25,3821.91,3822.58,3823.28,3821.38,1425611,16.4亿,0.05%
2017-09-28 11:30,3822.56,3823.49,3823.62,3822.10,1147022,15亿,0.04%
2017-09-28 13:05,3823.62,3823.79,3824.89,3823.44,1588982,17亿,0.04%
2017-09-28 13:10,3823.89,3824.88,3824.88,3823.20,1088465,13.3亿,0.04%
2017-09-28 13:15,3824.60,3823.05,3825.40,3822.96,1194640,15.4亿,0.06%
2017-09-28 13:20,3823.00,3822.16,3823.07,3821.69,1185032,15.6亿,0.04%
2017-09-28 13:25,3821.82,3822.16,3822.60,3821.35,1211176,16.7亿,0.03%
2017-09-28 13:30,3822.42,3822.02,3823.40,3822.02,1229485,18亿,0.04%
2017-09-28 13:35,3822.19,3820.95,3822.58,3820.88,1248408,17.2亿,0.04%
2017-09-28 13:40,3820.98,3819.99,3821.46,3819.82,1158831,16.5亿,0.04%
2017-09-28 13:45,3820.12,3821.17,3821.83,3819.44,1409583,18.5亿,0.06%
2017-09-28 13:50,3821.46,3821.45,3822.24,3821.14,1680278,20.4亿,0.03%
2017-09-28 13:55,3821.38,3820.81,3821.71,3820.81,1595049,20.1亿,0.02%
2017-09-28 14:00,3820.88,3824.10,3824.47,3820.88,1647276,19.7亿,0.09%
2017-09-28 14:05,3824.04,3826.84,3827.01,3823.80,2352435,24.7亿,0.08%
2017-09-28 14:10,3826.72,3825.53,3827.33,3824.99,1714371,20.8亿,0.06%
2017-09-28 14:15,3825.19,3823.43,3825.22,3823.28,1530118,19亿,0.05%
2017-09-28 14:20,3823.58,3822.94,3823.58,3822.16,1728381,21.1亿,0.04%
2017-09-28 14:25,3822.80,3825.42,3825.65,3822.68,2821643,27.3亿,0.08%
2017-09-28 14:30,3825.42,3825.25,3826.20,3824.81,2189048,23.8亿,0.04%
2017-09-28 14:35,3825.25,3822.93,3825.25,3821.76,2698587,28.8亿,0.09%
2017-09-28 14:40,3823.00,3823.30,3824.59,3823.00,2190355,25.7亿,0.04%
2017-09-28 14:45,3823.22,3825.78,3826.23,3822.70,2939833,33.6亿,0.09%
2017-09-28 14:50,3826.02,3823.06,3826.53,3822.59,2990991,34亿,0.1%
2017-09-28 14:55,3823.00,3822.17,3823.57,3822.04,3547987,41.5亿,0.04%
2017-09-28 15:00,3821.89,3822.54,3823.67,3821.04,4299077,49.2亿,0.07%
2017-09-29 09:35,3825.20,3833.39,3833.57,3825.20,3240984,43.3亿,0.22%
2017-09-29 09:40,3833.74,3835.27,3837.62,3833.64,3065840,40.7亿,0.1%
2017-09-29 09:45,3835.44,3838.94,3839.38,3834.42,3421498,42.9亿,0.13%
2017-09-29 09:50,3838.55,3840.40,3840.51,3838.11,3069368,39.7亿,0.06%
2017-09-29 09:55,3840.72,3838.59,3841.78,3838.59,2683190,35.3亿,0.08%
2017-09-29 10:00,3839.10,3842.04,3842.36,3838.62,2235866,30.5亿,0.1%
2017-09-29 10:05,3842.12,3851.41,3851.41,3842.12,2748449,38亿,0.24%
2017-09-29 10:10,3851.46,3851.85,3852.22,3850.42,2918342,39.2亿,0.05%
2017-09-29 10:15,3851.73,3847.88,3851.97,3846.78,2656863,34.6亿,0.13%
2017-09-29 10:20,3847.15,3845.60,3847.87,3845.60,2173673,27.8亿,0.06%
2017-09-29 10:25,3845.77,3843.25,3845.87,3842.80,2538071,28.4亿,0.08%
2017-09-29 10:30,3843.63,3843.27,3844.29,3842.57,1822138,23.1亿,0.04%
2017-09-29 10:35,3842.92,3842.14,3844.55,3841.53,1550104,20.3亿,0.08%
2017-09-29 10:40,3841.79,3840.73,3842.19,3840.69,1518712,18.8亿,0.04%
2017-09-29 10:45,3840.71,3842.76,3842.91,3840.71,1356114,16.8亿,0.06%
2017-09-29 10:50,3842.77,3841.74,3843.23,3841.57,1980438,20.6亿,0.04%
2017-09-29 10:55,3841.75,3841.91,3842.11,3840.30,2085197,21.4亿,0.05%
2017-09-29 11:00,3841.83,3843.48,3844.17,3841.56,1422384,19.1亿,0.07%
2017-09-29 11:05,3843.39,3843.01,3843.69,3842.46,1232978,17.3亿,0.03%
2017-09-29 11:10,3842.94,3840.66,3843.20,3840.37,1275514,18.6亿,0.07%
2017-09-29 11:15,3840.81,3840.22,3840.81,3838.73,1247099,17.1亿,0.05%
2017-09-29 11:20,3840.01,3841.07,3841.47,3840.01,1109594,15亿,0.04%
2017-09-29 11:25,3841.47,3840.93,3841.88,3840.71,1317715,15.8亿,0.03%
2017-09-29 11:30,3840.39,3839.21,3840.83,3838.68,1476717,17.5亿,0.06%
2017-09-29 13:05,3839.36,3840.91,3841.43,3839.29,1748661,19.7亿,0.06%
2017-09-29 13:10,3840.95,3840.81,3841.73,3840.75,1030966,13.3亿,0.03%
2017-09-29 13:15,3840.48,3839.20,3841.13,3838.97,1249409,15.6亿,0.06%
2017-09-29 13:20,3839.46,3842.01,3842.36,3838.96,1348868,18.2亿,0.09%
2017-09-29 13:25,3842.20,3841.52,3843.58,3841.52,1676624,21.1亿,0.05%
2017-09-29 13:30,3841.53,3838.12,3841.71,3837.97,1574933,19.5亿,0.1%
2017-09-29 13:35,3838.19,3837.30,3838.28,3836.69,1772715,22.1亿,0.04%
2017-09-29 13:40,3838.04,3835.65,3838.04,3835.58,2191794,23.5亿,0.06%
2017-09-29 13:45,3835.95,3836.27,3836.97,3834.93,1541721,19.6亿,0.05%
2017-09-29 13:50,3836.52,3837.39,3837.56,3835.78,1641489,20.2亿,0.05%
2017-09-29 13:55,3838.23,3836.77,3838.23,3836.61,1711111,19.3亿,0.04%
2017-09-29 14:00,3836.88,3836.73,3837.61,3836.66,1512316,17.3亿,0.02%
2017-09-29 14:05,3836.97,3834.76,3836.97,3834.56,1977719,20.6亿,0.06%
2017-09-29 14:10,3834.76,3833.69,3834.76,3833.40,1869691,19.7亿,0.04%
2017-09-29 14:15,3834.21,3836.02,3836.69,3833.68,1365013,16.9亿,0.08%
2017-09-29 14:20,3836.44,3837.41,3837.63,3835.84,1291559,15.8亿,0.05%
2017-09-29 14:25,3837.39,3837.00,3838.45,3836.35,1585052,18.5亿,0.05%
2017-09-29 14:30,3837.42,3836.15,3837.81,3835.43,1755409,20.1亿,0.06%
2017-09-29 14:35,3836.27,3835.97,3836.94,3835.29,1619700,20.2亿,0.04%
2017-09-29 14:40,3836.09,3835.68,3836.75,3835.48,1687599,20.7亿,0.03%
2017-09-29 14:45,3835.55,3834.70,3835.97,3834.60,1878925,24.1亿,0.04%
2017-09-29 14:50,3834.84,3833.77,3835.23,3832.98,2386177,29亿,0.06%
2017-09-29 14:55,3832.85,3834.77,3834.93,3832.62,2898085,36.1亿,0.06%
2017-09-29 15:00,3834.95,3836.50,3836.86,3834.23,3432344,43.4亿,0.07%
2017-10-09 09:35,3910.11,3901.04,3918.84,3898.03,13086824,160亿,0.54%
2017-10-09 09:40,3901.15,3899.23,3903.52,3899.23,6907871,90.7亿,0.11%
2017-10-09 09:45,3899.48,3901.26,3901.26,3897.30,5272635,70.2亿,0.1%
2017-10-09 09:50,3900.84,3897.49,3902.87,3897.23,5341099,64.9亿,0.14%
2017-10-09 09:55,3897.75,3899.48,3899.75,3895.52,4835470,58.5亿,0.11%
2017-10-09 10:00,3899.09,3902.51,3902.74,3898.48,4080450,52.3亿,0.11%
2017-10-09 10:05,3902.73,3904.66,3904.86,3901.79,3574464,52亿,0.08%
2017-10-09 10:10,3905.05,3911.43,3912.09,3904.81,4380728,56.1亿,0.19%
2017-10-09 10:15,3910.93,3903.58,3911.36,3903.29,3380048,43.3亿,0.21%
2017-10-09 10:20,3903.48,3902.27,3904.63,3901.35,2935458,36.2亿,0.08%
2017-10-09 10:25,3902.45,3901.89,3902.66,3900.12,3008106,33.7亿,0.07%
2017-10-09 10:30,3902.00,3903.66,3904.44,3902.00,2726750,31.9亿,0.06%
2017-10-09 10:35,3903.72,3902.26,3903.88,3901.73,2290950,28亿,0.06%
2017-10-09 10:40,3902.24,3901.44,3902.55,3900.56,2060159,25.7亿,0.05%
2017-10-09 10:45,3901.16,3903.70,3903.70,3900.53,2035976,25.1亿,0.08%
2017-10-09 10:50,3903.51,3906.29,3906.29,3903.51,1857520,24.4亿,0.07%
2017-10-09 10:55,3906.08,3906.62,3908.57,3905.99,2058175,26.4亿,0.07%
2017-10-09 11:00,3906.74,3906.08,3906.82,3905.66,1651563,21亿,0.03%
2017-10-09 11:05,3906.13,3904.79,3906.20,3904.59,1714237,23.2亿,0.04%
2017-10-09 11:10,3904.70,3905.27,3906.19,3904.57,1564855,23.5亿,0.04%
2017-10-09 11:15,3905.08,3904.65,3905.86,3904.59,1404434,20.7亿,0.03%
2017-10-09 11:20,3904.88,3905.10,3905.79,3904.68,1332541,19.2亿,0.03%
2017-10-09 11:25,3905.17,3906.96,3907.29,3904.47,1307477,18.4亿,0.07%
2017-10-09 11:30,3906.79,3907.53,3908.49,3906.79,1845825,22.4亿,0.04%
2017-10-09 13:05,3907.85,3904.78,3908.41,3904.34,3136835,29.3亿,0.1%
2017-10-09 13:10,3904.60,3902.76,3905.41,3902.76,1602170,18.8亿,0.07%
2017-10-09 13:15,3903.38,3900.58,3903.62,3900.58,1791717,22.4亿,0.08%
2017-10-09 13:20,3900.47,3900.61,3901.69,3899.91,3238721,29.9亿,0.05%
2017-10-09 13:25,3900.83,3897.11,3901.28,3896.77,2179574,25.1亿,0.12%
2017-10-09 13:30,3897.02,3895.98,3897.32,3894.88,1982378,24.4亿,0.06%
2017-10-09 13:35,3895.62,3895.71,3897.31,3895.35,1817564,24亿,0.05%
2017-10-09 13:40,3895.74,3893.31,3897.71,3893.31,1897482,23.6亿,0.11%
2017-10-09 13:45,3893.43,3894.94,3896.36,3893.04,1817736,23.4亿,0.09%
2017-10-09 13:50,3894.36,3893.61,3895.94,3893.35,1824035,25.9亿,0.07%
2017-10-09 13:55,3892.96,3897.90,3897.93,3892.75,1557298,23.1亿,0.13%
2017-10-09 14:00,3897.78,3896.00,3898.83,3895.21,1805146,24.4亿,0.09%
2017-10-09 14:05,3895.93,3894.63,3895.93,3893.89,1719982,25.6亿,0.05%
2017-10-09 14:10,3894.77,3885.78,3894.77,3885.71,3113301,36.9亿,0.23%
2017-10-09 14:15,3885.66,3883.64,3886.39,3883.64,2408119,34.4亿,0.07%
2017-10-09 14:20,3883.21,3880.87,3883.65,3880.54,2463308,33亿,0.08%
2017-10-09 14:25,3880.87,3876.38,3881.17,3876.03,2716990,31.3亿,0.13%
2017-10-09 14:30,3876.38,3880.54,3880.60,3876.31,1884648,24.2亿,0.11%
2017-10-09 14:35,3879.77,3881.02,3882.65,3879.77,1710177,24.3亿,0.07%
2017-10-09 14:40,3880.41,3880.91,3881.66,3880.26,1733940,23.5亿,0.04%
2017-10-09 14:45,3880.30,3877.56,3880.41,3877.09,1999379,28.2亿,0.09%
2017-10-09 14:50,3877.52,3882.14,3882.52,3877.26,2000659,27.8亿,0.14%
2017-10-09 14:55,3882.35,3882.94,3883.61,3882.29,2615457,34.4亿,0.03%
2017-10-09 15:00,3882.95,3882.21,3883.74,3881.86,3528363,44.6亿,0.05%
2017-10-10 09:35,3883.00,3892.04,3892.04,3882.39,3545472,47.9亿,0.25%
2017-10-10 09:40,3892.31,3898.89,3898.89,3892.03,3874556,52亿,0.18%
2017-10-10 09:45,3899.32,3893.96,3900.74,3893.58,4077033,54.3亿,0.18%
2017-10-10 09:50,3893.78,3885.04,3893.91,3884.90,4175186,54.5亿,0.23%
2017-10-10 09:55,3885.35,3884.04,3886.32,3883.57,4345304,55.7亿,0.07%
2017-10-10 10:00,3884.60,3879.83,3884.97,3879.18,4259914,56.6亿,0.15%
2017-10-10 10:05,3879.24,3875.81,3880.99,3874.58,3776628,53.1亿,0.17%
2017-10-10 10:10,3875.13,3871.87,3875.13,3870.83,3870312,59.6亿,0.11%
2017-10-10 10:15,3872.32,3871.10,3872.57,3869.83,3250945,48.6亿,0.07%
2017-10-10 10:20,3870.80,3871.27,3872.39,3870.73,2862895,42.1亿,0.04%
2017-10-10 10:25,3871.79,3867.60,3871.79,3867.14,2991768,45.6亿,0.12%
2017-10-10 10:30,3867.60,3867.86,3868.80,3866.42,2431166,38.4亿,0.06%
2017-10-10 10:35,3867.86,3859.17,3867.86,3858.57,3052150,44.5亿,0.24%
2017-10-10 10:40,3859.17,3861.92,3861.92,3858.20,2699020,37.3亿,0.1%
2017-10-10 10:45,3861.26,3858.59,3861.98,3858.59,2091859,31亿,0.09%
2017-10-10 10:50,3858.41,3859.14,3859.30,3855.47,2490877,38.8亿,0.1%
2017-10-10 10:55,3858.56,3859.65,3859.82,3858.33,1817961,26.8亿,0.04%
2017-10-10 11:00,3859.39,3861.27,3861.97,3859.39,1564805,23.1亿,0.07%
2017-10-10 11:05,3861.51,3863.62,3864.03,3860.88,1570961,22.9亿,0.08%
2017-10-10 11:10,3863.99,3867.10,3867.74,3863.83,1832081,24亿,0.1%
2017-10-10 11:15,3866.82,3863.24,3866.83,3862.73,2163392,33亿,0.11%
2017-10-10 11:20,3863.45,3856.11,3863.45,3855.89,2314919,35亿,0.2%
2017-10-10 11:25,3856.39,3855.91,3858.81,3855.55,1695985,26.4亿,0.08%
2017-10-10 11:30,3856.09,3858.45,3859.53,3856.02,1370376,20.3亿,0.09%
2017-10-10 13:05,3858.71,3860.30,3860.88,3858.71,1591824,23.6亿,0.06%
2017-10-10 13:10,3860.29,3861.15,3861.18,3859.35,1354215,21.6亿,0.05%
2017-10-10 13:15,3861.14,3866.00,3866.00,3861.14,1189994,19亿,0.13%
2017-10-10 13:20,3865.71,3866.35,3866.52,3865.36,1508487,21亿,0.03%
2017-10-10 13:25,3866.46,3867.22,3867.22,3865.79,1434571,20.8亿,0.04%
2017-10-10 13:30,3867.10,3871.68,3871.68,3867.10,1600173,22.3亿,0.12%
2017-10-10 13:35,3871.46,3874.46,3875.57,3871.17,2403396,32.8亿,0.11%
2017-10-10 13:40,3874.47,3873.14,3874.47,3872.36,1591400,22.8亿,0.05%
2017-10-10 13:45,3872.94,3873.57,3873.95,3872.80,1350330,18.2亿,0.03%
2017-10-10 13:50,3873.61,3876.15,3876.36,3873.52,1464134,20.9亿,0.07%
2017-10-10 13:55,3876.24,3874.00,3876.48,3874.00,1485898,21.4亿,0.06%
2017-10-10 14:00,3874.46,3872.59,3874.46,3871.95,1505678,21.4亿,0.06%
2017-10-10 14:05,3873.01,3872.49,3873.20,3871.75,1284637,16.7亿,0.04%
2017-10-10 14:10,3872.60,3874.60,3874.77,3872.08,1292274,18.4亿,0.07%
2017-10-10 14:15,3874.33,3880.00,3880.13,3874.33,1780966,23亿,0.15%
2017-10-10 14:20,3880.21,3883.60,3884.23,3880.21,2471535,28.6亿,0.1%
2017-10-10 14:25,3883.71,3883.73,3884.23,3882.97,2058973,22.9亿,0.03%
2017-10-10 14:30,3883.70,3884.13,3885.25,3883.70,1724993,23.8亿,0.04%
2017-10-10 14:35,3884.16,3883.61,3884.53,3883.06,1743782,24.8亿,0.04%
2017-10-10 14:40,3883.14,3887.77,3887.87,3883.14,2280256,31.7亿,0.12%
2017-10-10 14:45,3887.72,3886.71,3889.84,3886.43,2605623,36.1亿,0.09%
2017-10-10 14:50,3886.57,3884.21,3886.65,3884.21,2414321,32亿,0.06%
2017-10-10 14:55,3884.04,3885.84,3886.04,3883.92,2516378,34.5亿,0.05%
2017-10-10 15:00,3885.91,3889.86,3890.58,3885.91,3276480,44.2亿,0.12%
2017-10-11 09:35,3886.82,3889.15,3890.02,3885.50,4186584,52.2亿,0.12%
2017-10-11 09:40,3888.76,3888.13,3889.08,3886.19,4084742,51.8亿,0.07%
2017-10-11 09:45,3888.37,3891.34,3891.61,3888.14,3249806,45.5亿,0.09%
2017-10-11 09:50,3891.64,3889.86,3891.86,3889.21,3263793,45.8亿,0.07%
2017-10-11 09:55,3889.80,3891.57,3891.57,3889.23,3384071,44.2亿,0.06%
2017-10-11 10:00,3891.58,3896.83,3897.40,3891.24,3272616,42.4亿,0.16%
2017-10-11 10:05,3896.85,3897.32,3898.31,3896.21,3089548,43.5亿,0.05%
2017-10-11 10:10,3897.53,3894.99,3897.57,3894.80,3205925,42.2亿,0.07%
2017-10-11 10:15,3895.20,3893.37,3895.22,3893.37,3102965,40.7亿,0.05%
2017-10-11 10:20,3893.85,3888.50,3893.85,3887.83,3977363,47.9亿,0.15%
2017-10-11 10:25,3888.71,3890.50,3890.76,3888.42,2834570,37.8亿,0.06%
2017-10-11 10:30,3890.48,3895.24,3895.24,3890.35,2327094,35.1亿,0.13%
2017-10-11 10:35,3895.27,3896.48,3897.04,3893.94,1981397,30.7亿,0.08%
2017-10-11 10:40,3896.58,3896.51,3897.78,3895.96,1727510,27.2亿,0.05%
2017-10-11 10:45,3896.36,3900.41,3900.90,3896.36,1810079,29.7亿,0.12%
2017-10-11 10:50,3899.26,3900.29,3901.44,3899.26,2018139,27.6亿,0.06%
2017-10-11 10:55,3900.56,3900.44,3901.89,3900.06,1937076,28.5亿,0.05%
2017-10-11 11:00,3900.26,3901.90,3903.21,3899.77,1743995,28.3亿,0.09%
2017-10-11 11:05,3902.29,3898.74,3902.29,3898.74,1919056,26.5亿,0.09%
2017-10-11 11:10,3898.80,3898.59,3899.07,3897.59,1703229,24.4亿,0.04%
2017-10-11 11:15,3898.59,3903.52,3903.80,3898.51,2035130,27.1亿,0.14%
2017-10-11 11:20,3903.74,3906.81,3906.99,3902.98,1759930,26.7亿,0.1%
2017-10-11 11:25,3906.51,3905.78,3906.51,3904.58,1856581,26.1亿,0.05%
2017-10-11 11:30,3905.76,3911.14,3911.27,3905.76,2156656,28.1亿,0.14%
2017-10-11 13:05,3911.14,3910.50,3913.07,3909.74,2236616,29亿,0.09%
2017-10-11 13:10,3910.86,3909.32,3911.40,3909.08,1329287,20亿,0.06%
2017-10-11 13:15,3909.07,3907.12,3909.21,3906.78,1358789,20.8亿,0.06%
2017-10-11 13:20,3907.56,3906.34,3907.56,3905.28,1367081,21亿,0.06%
2017-10-11 13:25,3905.59,3905.40,3906.37,3904.42,1536460,22.1亿,0.05%
2017-10-11 13:30,3905.52,3903.03,3905.52,3903.03,1502141,21.7亿,0.06%
2017-10-11 13:35,3903.31,3902.01,3903.31,3901.65,1596038,22.4亿,0.04%
2017-10-11 13:40,3902.41,3901.45,3902.41,3900.13,1380167,19.5亿,0.06%
2017-10-11 13:45,3902.08,3904.53,3904.82,3901.86,1516699,21.9亿,0.08%
2017-10-11 13:50,3904.48,3904.34,3904.64,3903.10,1647500,21.9亿,0.04%
2017-10-11 13:55,3904.28,3903.58,3904.69,3903.22,1619085,21.7亿,0.04%
2017-10-11 14:00,3903.44,3903.55,3904.23,3903.16,1759525,22.1亿,0.03%
2017-10-11 14:05,3903.67,3900.30,3903.67,3899.97,1602925,22.6亿,0.09%
2017-10-11 14:10,3899.95,3900.91,3900.96,3898.90,1452259,23.5亿,0.05%
2017-10-11 14:15,3900.88,3902.54,3902.54,3900.30,1456485,19.7亿,0.06%
2017-10-11 14:20,3902.80,3902.03,3903.17,3902.03,1477930,19.3亿,0.03%
2017-10-11 14:25,3902.18,3901.53,3903.12,3901.17,1348245,20亿,0.05%
2017-10-11 14:30,3901.67,3900.18,3901.89,3899.50,1713947,23.2亿,0.06%
2017-10-11 14:35,3900.61,3903.36,3903.50,3900.06,1694386,23.7亿,0.09%
2017-10-11 14:40,3902.98,3903.47,3904.51,3902.98,1810099,23.4亿,0.04%
2017-10-11 14:45,3903.46,3899.31,3903.46,3899.31,2208742,29.3亿,0.11%
2017-10-11 14:50,3899.14,3897.93,3899.47,3897.18,2408229,32.1亿,0.06%
2017-10-11 14:55,3897.69,3899.81,3900.18,3897.56,2539380,37.1亿,0.07%
2017-10-11 15:00,3900.09,3902.69,3903.14,3899.98,2704337,37.7亿,0.08%
2017-10-12 09:35,3902.02,3904.95,3905.48,3900.76,3139183,44.7亿,0.12%
2017-10-12 09:40,3905.35,3909.20,3909.21,3903.84,2973374,42.3亿,0.14%
2017-10-12 09:45,3909.20,3908.33,3910.12,3907.44,2773840,40.5亿,0.07%
2017-10-12 09:50,3908.03,3903.51,3908.63,3903.27,2909966,41.7亿,0.14%
2017-10-12 09:55,3903.58,3900.83,3903.59,3899.75,2477089,36.5亿,0.1%
2017-10-12 10:00,3901.14,3901.10,3901.83,3900.56,2117816,30.7亿,0.03%
2017-10-12 10:05,3900.75,3899.39,3901.05,3898.56,2194202,30.5亿,0.06%
2017-10-12 10:10,3899.28,3904.02,3904.02,3898.96,2272042,28.2亿,0.13%
2017-10-12 10:15,3904.00,3906.41,3906.41,3903.78,1895102,25.1亿,0.07%
2017-10-12 10:20,3906.43,3907.61,3908.40,3905.74,1556268,23.8亿,0.07%
2017-10-12 10:25,3907.48,3906.26,3907.58,3905.23,1431378,21亿,0.06%
2017-10-12 10:30,3905.95,3907.32,3907.32,3905.66,1739682,21.8亿,0.04%
2017-10-12 10:35,3907.32,3908.48,3909.73,3906.96,1995894,23.8亿,0.07%
2017-10-12 10:40,3908.48,3905.43,3908.86,3905.18,1976116,22.5亿,0.09%
2017-10-12 10:45,3905.48,3905.55,3905.71,3904.74,1610389,22.4亿,0.02%
2017-10-12 10:50,3905.75,3905.76,3906.09,3905.03,1736443,21.2亿,0.03%
2017-10-12 10:55,3906.13,3907.69,3907.69,3905.58,2007092,23亿,0.05%
2017-10-12 11:00,3908.05,3904.14,3908.40,3904.14,2252844,23.9亿,0.11%
2017-10-12 11:05,3904.29,3904.29,3905.40,3903.67,1699242,20.9亿,0.04%
2017-10-12 11:10,3904.70,3904.67,3905.53,3904.28,1523821,21.2亿,0.03%
2017-10-12 11:15,3904.89,3903.16,3905.03,3902.86,1623390,21.2亿,0.06%
2017-10-12 11:20,3903.37,3906.55,3906.55,3902.52,1595483,21.1亿,0.1%
2017-10-12 11:25,3905.82,3907.61,3908.11,3905.80,1211692,16.4亿,0.06%
2017-10-12 11:30,3907.59,3908.14,3908.26,3907.02,1098465,14.6亿,0.03%
2017-10-12 13:05,3908.25,3908.46,3909.39,3907.99,1277923,16.4亿,0.04%
2017-10-12 13:10,3908.29,3909.71,3909.94,3907.09,1018522,14.9亿,0.07%
2017-10-12 13:15,3910.25,3909.96,3910.35,3909.02,1144912,17.1亿,0.03%
2017-10-12 13:20,3910.03,3909.26,3910.40,3908.81,1264267,18亿,0.04%
2017-10-12 13:25,3909.08,3908.26,3909.15,3907.78,1848763,22.9亿,0.03%
2017-10-12 13:30,3908.56,3907.79,3908.76,3907.51,1618978,19.9亿,0.03%
2017-10-12 13:35,3907.58,3904.10,3908.24,3904.10,2210895,26.3亿,0.11%
2017-10-12 13:40,3903.93,3903.25,3904.26,3901.73,2091384,26.3亿,0.06%
2017-10-12 13:45,3903.14,3905.89,3906.16,3903.00,1452786,20.7亿,0.08%
2017-10-12 13:50,3905.87,3904.65,3906.31,3904.63,1589000,20.5亿,0.04%
2017-10-12 13:55,3904.91,3902.46,3904.93,3902.39,1863779,24.8亿,0.07%
2017-10-12 14:00,3902.99,3905.70,3905.70,3902.44,1837010,25.5亿,0.08%
2017-10-12 14:05,3905.10,3904.82,3905.37,3904.05,1371045,18.4亿,0.03%
2017-10-12 14:10,3904.75,3905.16,3905.31,3904.28,1651329,22亿,0.03%
2017-10-12 14:15,3905.10,3902.75,3905.35,3902.75,1712008,21.6亿,0.07%
2017-10-12 14:20,3902.75,3898.32,3902.86,3897.55,3154528,36亿,0.14%
2017-10-12 14:25,3898.81,3903.63,3903.63,3898.62,2468055,28.8亿,0.13%
2017-10-12 14:30,3903.78,3904.77,3905.84,3903.55,1565847,21.6亿,0.06%
2017-10-12 14:35,3904.77,3909.30,3909.63,3904.77,1628436,22.7亿,0.12%
2017-10-12 14:40,3908.98,3911.29,3912.11,3908.98,1678140,24亿,0.08%
2017-10-12 14:45,3910.83,3912.96,3913.47,3910.83,1765373,23.5亿,0.07%
2017-10-12 14:50,3912.90,3915.07,3915.69,3912.86,2387141,29.7亿,0.07%
2017-10-12 14:55,3915.22,3914.33,3917.44,3914.19,3270398,38.9亿,0.08%
2017-10-12 15:00,3914.39,3912.95,3914.45,3912.58,4291454,47.1亿,0.05%
2017-10-13 09:35,3912.98,3912.58,3914.94,3912.09,3358124,39.8亿,0.07%
2017-10-13 09:40,3912.71,3914.52,3914.52,3912.71,2793436,37.1亿,0.05%
2017-10-13 09:45,3914.36,3919.11,3919.45,3914.33,2653695,36.6亿,0.13%
2017-10-13 09:50,3919.05,3919.02,3920.65,3918.52,2458317,34.4亿,0.05%
2017-10-13 09:55,3919.12,3919.44,3919.86,3918.13,2245595,32.6亿,0.04%
2017-10-13 10:00,3919.09,3914.43,3919.50,3914.43,2103246,30.2亿,0.13%
2017-10-13 10:05,3914.42,3913.84,3914.68,3913.24,1855878,26.3亿,0.04%
2017-10-13 10:10,3914.33,3913.55,3914.52,3913.16,1683459,24.5亿,0.03%
2017-10-13 10:15,3912.95,3909.79,3913.18,3908.89,1991166,28.3亿,0.11%
2017-10-13 10:20,3910.05,3914.53,3914.53,3909.81,1792032,26.1亿,0.12%
2017-10-13 10:25,3914.26,3913.76,3914.71,3913.14,1723187,23.9亿,0.04%
2017-10-13 10:30,3913.88,3912.83,3914.09,3912.32,1450631,21.5亿,0.05%
2017-10-13 10:35,3913.07,3912.27,3913.13,3911.76,1278929,18.6亿,0.04%
2017-10-13 10:40,3912.27,3914.43,3914.71,3912.09,1164761,17亿,0.07%
2017-10-13 10:45,3914.43,3916.60,3916.90,3913.59,1367583,18.8亿,0.08%
2017-10-13 10:50,3916.60,3916.25,3917.08,3915.36,1228360,18亿,0.04%
2017-10-13 10:55,3916.25,3918.24,3918.36,3915.50,1210769,18.2亿,0.07%
2017-10-13 11:00,3917.85,3918.69,3919.49,3917.56,1214248,17.9亿,0.05%
2017-10-13 11:05,3919.05,3920.06,3920.74,3918.38,1574416,18.9亿,0.06%
2017-10-13 11:10,3920.56,3921.68,3922.60,3920.44,1583459,20.7亿,0.06%
2017-10-13 11:15,3920.97,3919.76,3920.99,3918.94,2098674,21.5亿,0.05%
2017-10-13 11:20,3919.90,3919.37,3920.73,3919.34,1162348,16亿,0.04%
2017-10-13 11:25,3919.49,3921.58,3921.58,3918.96,1805562,20.1亿,0.07%
2017-10-13 11:30,3921.33,3923.86,3924.13,3921.33,2046381,20.6亿,0.07%
2017-10-13 13:05,3923.85,3921.62,3924.99,3921.62,1927353,21.4亿,0.09%
2017-10-13 13:10,3921.71,3921.99,3922.61,3921.46,1551624,16亿,0.03%
2017-10-13 13:15,3921.82,3920.37,3921.82,3919.94,1214354,14.3亿,0.05%
2017-10-13 13:20,3919.97,3919.70,3920.66,3919.59,1112064,13.9亿,0.03%
2017-10-13 13:25,3919.92,3917.24,3919.99,3916.95,1254945,16亿,0.08%
2017-10-13 13:30,3917.57,3917.21,3918.13,3916.83,1577138,18.9亿,0.03%
2017-10-13 13:35,3916.92,3916.15,3917.33,3916.15,1777648,19.7亿,0.03%
2017-10-13 13:40,3916.62,3916.97,3917.61,3916.14,2104416,22.3亿,0.04%
2017-10-13 13:45,3917.24,3919.49,3919.72,3916.43,2032660,22.9亿,0.08%
2017-10-13 13:50,3919.67,3920.91,3921.18,3919.06,1777527,22.8亿,0.05%
2017-10-13 13:55,3920.70,3919.92,3920.70,3918.95,1450314,20.9亿,0.04%
2017-10-13 14:00,3920.29,3917.81,3920.43,3917.45,1295466,17.3亿,0.08%
2017-10-13 14:05,3917.67,3917.98,3918.45,3917.38,1584002,19.6亿,0.03%
2017-10-13 14:10,3917.95,3918.84,3919.44,3917.63,1609739,19.5亿,0.05%
2017-10-13 14:15,3919.05,3922.73,3922.79,3918.55,1849971,23.4亿,0.11%
2017-10-13 14:20,3922.95,3922.96,3924.09,3922.76,2022217,24.9亿,0.03%
2017-10-13 14:25,3923.22,3922.16,3923.22,3922.15,1499503,18.8亿,0.03%
2017-10-13 14:30,3922.15,3923.21,3923.38,3921.54,1374878,18亿,0.05%
2017-10-13 14:35,3922.92,3925.83,3926.10,3922.81,1909014,23.2亿,0.08%
2017-10-13 14:40,3925.86,3924.33,3927.17,3924.14,2499911,30.2亿,0.08%
2017-10-13 14:45,3924.07,3922.00,3924.32,3921.86,2502035,31.4亿,0.06%
2017-10-13 14:50,3922.00,3920.96,3922.21,3920.40,2896793,33.4亿,0.05%
2017-10-13 14:55,3920.93,3922.62,3923.23,3920.93,2746452,34.5亿,0.06%
2017-10-13 15:00,3922.27,3921.00,3922.60,3921.00,4331232,48.2亿,0.04%
2017-10-16 09:35,3926.28,3921.77,3928.22,3920.10,4635796,58.7亿,0.21%
2017-10-16 09:40,3922.66,3926.08,3926.24,3921.23,3994664,48.7亿,0.13%
2017-10-16 09:45,3926.25,3933.19,3933.64,3926.08,3812865,50.8亿,0.19%
2017-10-16 09:50,3932.99,3935.50,3935.68,3932.95,3911198,49.9亿,0.07%
2017-10-16 09:55,3935.55,3931.83,3936.14,3931.07,4430034,53.2亿,0.13%
2017-10-16 10:00,3931.72,3933.91,3934.16,3930.45,3594612,42.8亿,0.09%
2017-10-16 10:05,3934.39,3934.06,3935.60,3934.06,2672077,36.4亿,0.04%
2017-10-16 10:10,3934.05,3937.27,3938.47,3934.05,3039402,39亿,0.11%
2017-10-16 10:15,3937.51,3939.07,3939.72,3936.88,3077921,37.9亿,0.07%
2017-10-16 10:20,3938.75,3936.28,3939.48,3935.77,3418502,39.2亿,0.09%
2017-10-16 10:25,3936.48,3938.88,3939.57,3936.03,2600027,33.7亿,0.09%
2017-10-16 10:30,3938.33,3939.01,3939.82,3937.04,2478917,34.6亿,0.07%
2017-10-16 10:35,3939.41,3939.41,3939.70,3938.43,2348078,30.3亿,0.03%
2017-10-16 10:40,3939.75,3943.36,3943.66,3939.16,2253134,30.9亿,0.11%
2017-10-16 10:45,3943.22,3945.66,3945.87,3943.22,2886807,36.3亿,0.07%
2017-10-16 10:50,3945.90,3944.93,3947.42,3944.93,2826654,36.8亿,0.06%
2017-10-16 10:55,3944.69,3941.15,3945.03,3941.02,2045681,29.4亿,0.1%
2017-10-16 11:00,3941.07,3940.93,3941.39,3940.27,2395453,32.3亿,0.03%
2017-10-16 11:05,3941.22,3937.55,3941.22,3936.96,2321282,30.4亿,0.11%
2017-10-16 11:10,3937.19,3936.97,3937.60,3935.42,1970007,25亿,0.06%
2017-10-16 11:15,3937.32,3939.54,3939.62,3937.19,1553935,20.7亿,0.06%
2017-10-16 11:20,3939.35,3937.43,3939.56,3937.18,1401777,19.8亿,0.06%
2017-10-16 11:25,3937.31,3933.88,3937.44,3933.88,1695489,22.4亿,0.09%
2017-10-16 11:30,3934.09,3927.51,3934.27,3927.51,2033980,26.4亿,0.17%
2017-10-16 13:05,3927.43,3923.09,3927.43,3922.94,2533359,30.3亿,0.11%
2017-10-16 13:10,3923.07,3921.92,3923.56,3921.52,1645131,21.7亿,0.05%
2017-10-16 13:15,3921.47,3920.07,3921.47,3919.23,2100804,26.1亿,0.06%
2017-10-16 13:20,3919.75,3923.02,3923.02,3918.96,1916217,23.5亿,0.1%
2017-10-16 13:25,3922.82,3921.33,3923.23,3920.95,1635458,21.9亿,0.06%
2017-10-16 13:30,3921.68,3916.49,3921.68,3916.35,2015522,27.8亿,0.14%
2017-10-16 13:35,3916.51,3914.34,3916.51,3913.32,2875728,36.1亿,0.08%
2017-10-16 13:40,3914.62,3916.06,3917.09,3914.20,2174649,24.5亿,0.07%
2017-10-16 13:45,3916.06,3917.51,3917.68,3915.81,1920658,23亿,0.05%
2017-10-16 13:50,3917.51,3919.80,3919.95,3917.51,1744727,20.8亿,0.06%
2017-10-16 13:55,3919.80,3921.13,3921.85,3919.56,2101742,22亿,0.06%
2017-10-16 14:00,3921.13,3921.16,3921.80,3920.51,2345499,24.3亿,0.03%
2017-10-16 14:05,3921.26,3916.21,3921.26,3915.60,2264142,26.5亿,0.14%
2017-10-16 14:10,3915.83,3918.16,3918.30,3914.82,2534786,30亿,0.09%
2017-10-16 14:15,3918.26,3920.45,3920.71,3918.26,1592109,19.1亿,0.06%
2017-10-16 14:20,3920.62,3920.98,3921.35,3920.17,1638035,19.1亿,0.03%
2017-10-16 14:25,3920.65,3921.93,3921.93,3920.51,1742936,19.7亿,0.04%
2017-10-16 14:30,3921.33,3923.61,3923.93,3921.19,1921630,21.4亿,0.07%
2017-10-16 14:35,3923.66,3925.00,3925.83,3923.66,1813346,21亿,0.06%
2017-10-16 14:40,3924.16,3923.12,3924.86,3923.07,1792796,21.7亿,0.05%
2017-10-16 14:45,3923.05,3921.49,3923.30,3921.13,2549815,28.9亿,0.06%
2017-10-16 14:50,3921.87,3920.48,3922.43,3920.48,3020354,34.9亿,0.05%
2017-10-16 14:55,3920.24,3915.33,3920.92,3915.33,3438194,42.6亿,0.14%
2017-10-16 15:00,3915.34,3913.45,3916.02,3913.45,3991508,47.8亿,0.07%
2017-10-17 09:35,3910.79,3915.15,3915.15,3909.77,4114407,49.8亿,0.14%
2017-10-17 09:40,3915.38,3916.32,3918.78,3915.38,3185837,42亿,0.09%
2017-10-17 09:45,3916.60,3912.89,3916.84,3912.89,3068466,40.4亿,0.1%
2017-10-17 09:50,3912.62,3906.81,3913.12,3906.54,3228303,42.6亿,0.17%
2017-10-17 09:55,3907.09,3903.33,3907.50,3901.68,2832131,39.8亿,0.15%
2017-10-17 10:00,3902.67,3905.05,3907.25,3902.67,2262326,31.1亿,0.12%
2017-10-17 10:05,3905.15,3904.05,3905.15,3903.56,1742326,24.1亿,0.04%
2017-10-17 10:10,3903.74,3908.29,3908.69,3903.59,1634162,23.5亿,0.13%
2017-10-17 10:15,3908.30,3905.51,3908.37,3905.12,1509325,20.3亿,0.08%
2017-10-17 10:20,3905.82,3905.45,3905.82,3904.10,1632736,21.1亿,0.04%
2017-10-17 10:25,3905.75,3902.60,3906.16,3902.60,1889986,23.3亿,0.09%
2017-10-17 10:30,3902.44,3903.58,3904.29,3900.48,2027956,25.3亿,0.1%
2017-10-17 10:35,3904.95,3905.41,3905.41,3903.56,1377698,18.7亿,0.05%
2017-10-17 10:40,3905.24,3907.33,3907.64,3904.88,1121813,15.2亿,0.07%
2017-10-17 10:45,3907.17,3909.04,3909.67,3907.17,1317303,15.8亿,0.06%
2017-10-17 10:50,3908.83,3910.38,3910.50,3908.83,1162272,15.1亿,0.04%
2017-10-17 10:55,3910.86,3912.99,3913.21,3910.59,1242292,16.5亿,0.07%
2017-10-17 11:00,3912.92,3911.16,3913.06,3910.77,1205700,14.7亿,0.06%
2017-10-17 11:05,3910.91,3910.81,3911.23,3909.89,1010385,13.2亿,0.03%
2017-10-17 11:10,3910.85,3915.88,3915.88,3910.85,1600654,18.2亿,0.13%
2017-10-17 11:15,3915.61,3917.87,3917.87,3915.34,1335826,18.2亿,0.06%
2017-10-17 11:20,3918.15,3919.07,3919.12,3917.84,1267585,16.6亿,0.03%
2017-10-17 11:25,3918.69,3922.05,3922.33,3918.37,1202684,16.3亿,0.1%
2017-10-17 11:30,3921.73,3921.57,3922.25,3920.84,1343281,16.7亿,0.04%
2017-10-17 13:05,3921.97,3921.36,3923.16,3920.96,1393169,18.5亿,0.06%
2017-10-17 13:10,3921.25,3919.35,3921.60,3919.35,992276,13.3亿,0.06%
2017-10-17 13:15,3919.38,3919.88,3919.92,3918.61,1058016,13.4亿,0.03%
2017-10-17 13:20,3919.54,3921.50,3921.50,3919.54,1024370,15.8亿,0.05%
2017-10-17 13:25,3921.50,3920.49,3921.87,3920.46,971712,14.5亿,0.04%
2017-10-17 13:30,3920.41,3919.95,3921.05,3919.79,1018848,14.5亿,0.03%
2017-10-17 13:35,3919.97,3923.69,3923.69,3919.97,1260086,17亿,0.09%
2017-10-17 13:40,3923.51,3924.12,3924.61,3923.15,1266377,19亿,0.04%
2017-10-17 13:45,3924.09,3921.57,3924.41,3921.57,1317575,18亿,0.07%
2017-10-17 13:50,3921.45,3919.87,3921.72,3919.87,1596353,16.7亿,0.05%
2017-10-17 13:55,3920.01,3916.42,3920.10,3916.33,1334639,17亿,0.1%
2017-10-17 14:00,3916.42,3916.08,3916.61,3915.12,1702592,19.1亿,0.04%
2017-10-17 14:05,3916.11,3914.54,3916.11,3913.86,1661183,19.1亿,0.06%
2017-10-17 14:10,3914.32,3918.10,3918.10,3914.19,1444502,19.2亿,0.1%
2017-10-17 14:15,3917.92,3916.70,3918.26,3916.69,1263380,15.7亿,0.04%
2017-10-17 14:20,3916.51,3910.53,3917.09,3910.53,1759912,23.2亿,0.17%
2017-10-17 14:25,3910.91,3913.38,3913.49,3910.06,1454131,20.9亿,0.09%
2017-10-17 14:30,3913.77,3915.28,3916.06,3913.26,1389249,19.2亿,0.07%
2017-10-17 14:35,3915.51,3913.96,3915.90,3913.83,1336823,17.8亿,0.05%
2017-10-17 14:40,3914.50,3911.24,3914.54,3910.92,1696505,22.5亿,0.09%
2017-10-17 14:45,3911.54,3912.20,3912.40,3910.70,1680249,22亿,0.04%
2017-10-17 14:50,3912.09,3911.76,3912.23,3910.15,2001299,27.5亿,0.05%
2017-10-17 14:55,3911.63,3914.08,3914.36,3911.59,2391703,31.9亿,0.07%
2017-10-17 15:00,3914.34,3913.07,3915.73,3912.71,4454346,47.4亿,0.08%
2017-10-18 09:35,3914.82,3919.27,3920.64,3914.82,2859464,35.8亿,0.15%
2017-10-18 09:40,3919.53,3918.67,3921.51,3918.67,2986668,36亿,0.07%
2017-10-18 09:45,3918.71,3916.54,3918.80,3916.54,2820992,34.4亿,0.06%
2017-10-18 09:50,3916.48,3922.43,3922.50,3915.18,2995717,33.5亿,0.19%
2017-10-18 09:55,3922.30,3920.44,3922.80,3919.88,2563972,29.7亿,0.07%
2017-10-18 10:00,3920.56,3921.03,3921.11,3919.62,2399626,28.1亿,0.04%
2017-10-18 10:05,3920.62,3919.57,3920.93,3918.48,2435111,29.4亿,0.06%
2017-10-18 10:10,3919.51,3919.75,3921.61,3919.02,2833777,29.7亿,0.07%
2017-10-18 10:15,3919.87,3920.14,3921.55,3919.16,2784938,29.5亿,0.06%
2017-10-18 10:20,3920.01,3921.40,3922.17,3919.41,1940251,25.6亿,0.07%
2017-10-18 10:25,3921.94,3923.02,3923.54,3921.39,1924410,23.6亿,0.05%
2017-10-18 10:30,3923.33,3923.82,3924.58,3923.04,1708195,21.7亿,0.04%
2017-10-18 10:35,3924.29,3920.54,3924.34,3920.54,1650580,21.2亿,0.1%
2017-10-18 10:40,3920.54,3924.61,3925.01,3920.28,1761724,22.3亿,0.12%
2017-10-18 10:45,3924.54,3926.46,3926.53,3924.54,1425123,20.4亿,0.05%
2017-10-18 10:50,3926.98,3926.69,3928.07,3926.23,1474931,20.5亿,0.05%
2017-10-18 10:55,3926.84,3925.47,3927.26,3925.07,1234867,18.5亿,0.06%
2017-10-18 11:00,3925.54,3925.74,3925.97,3924.72,1089615,16.5亿,0.03%
2017-10-18 11:05,3925.35,3926.58,3926.58,3925.22,967758,14.7亿,0.03%
2017-10-18 11:10,3926.17,3925.80,3926.76,3925.66,1036811,14.9亿,0.03%
2017-10-18 11:15,3925.45,3924.84,3926.42,3924.84,993028,14.3亿,0.04%
2017-10-18 11:20,3925.24,3926.62,3926.62,3923.62,1203628,17.3亿,0.08%
2017-10-18 11:25,3926.77,3927.70,3927.85,3925.10,1135020,15.4亿,0.07%
2017-10-18 11:30,3927.78,3931.78,3932.88,3927.78,1845269,22.9亿,0.13%
2017-10-18 13:05,3932.01,3930.64,3932.16,3929.53,1346076,17.6亿,0.07%
2017-10-18 13:10,3930.59,3930.62,3931.48,3929.72,941159,13.5亿,0.04%
2017-10-18 13:15,3930.73,3931.15,3931.83,3930.26,942782,13.7亿,0.04%
2017-10-18 13:20,3931.30,3931.63,3932.29,3930.72,1214410,15.2亿,0.04%
2017-10-18 13:25,3931.89,3930.96,3931.94,3930.45,1140800,15.1亿,0.04%
2017-10-18 13:30,3930.73,3928.97,3930.98,3928.58,1392779,17.3亿,0.06%
2017-10-18 13:35,3929.04,3928.15,3929.45,3928.05,1156867,16.4亿,0.04%
2017-10-18 13:40,3928.35,3928.66,3929.11,3927.74,1106968,15.7亿,0.03%
2017-10-18 13:45,3928.85,3928.05,3929.49,3927.05,1478002,21.4亿,0.06%
2017-10-18 13:50,3928.63,3931.12,3931.31,3928.49,1517359,22.4亿,0.07%
2017-10-18 13:55,3930.89,3931.08,3932.06,3930.27,1232634,18.9亿,0.05%
2017-10-18 14:00,3931.63,3932.35,3932.55,3930.57,1789916,24.7亿,0.05%
2017-10-18 14:05,3932.47,3933.14,3934.37,3932.39,1925308,26.1亿,0.05%
2017-10-18 14:10,3933.31,3934.37,3934.89,3932.37,1251991,19.8亿,0.06%
2017-10-18 14:15,3934.58,3934.04,3934.96,3932.22,1998303,23.9亿,0.07%
2017-10-18 14:20,3934.08,3934.07,3934.42,3932.53,1575135,20.8亿,0.05%
2017-10-18 14:25,3933.90,3934.02,3934.54,3932.38,2722290,30.7亿,0.05%
2017-10-18 14:30,3933.49,3930.76,3933.87,3930.73,2356627,30.2亿,0.08%
2017-10-18 14:35,3930.39,3930.10,3931.21,3925.07,5157159,55.8亿,0.16%
2017-10-18 14:40,3930.22,3927.97,3930.37,3926.86,2630599,31.6亿,0.09%
2017-10-18 14:45,3928.42,3931.20,3932.55,3928.19,3605460,42.1亿,0.11%
2017-10-18 14:50,3931.21,3933.70,3936.07,3931.21,4032022,47.3亿,0.12%
2017-10-18 14:55,3933.47,3942.39,3942.71,3933.47,6435911,73.8亿,0.23%
2017-10-18 15:00,3942.44,3944.16,3944.41,3940.70,5613983,69.9亿,0.09%
2017-10-19 09:35,3940.58,3941.52,3941.74,3935.84,4220151,54.2亿,0.15%
2017-10-19 09:40,3942.24,3938.83,3943.04,3938.83,3555684,47.4亿,0.11%
2017-10-19 09:45,3938.61,3941.98,3941.98,3936.88,3006444,42.4亿,0.13%
2017-10-19 09:50,3941.42,3941.46,3944.03,3941.42,2788996,39.3亿,0.07%
2017-10-19 09:55,3941.57,3938.46,3942.73,3938.46,2624115,37.3亿,0.11%
2017-10-19 10:00,3938.31,3936.32,3938.31,3935.20,3243013,40.3亿,0.08%
2017-10-19 10:05,3936.13,3940.73,3940.73,3936.13,2419242,33.2亿,0.12%
2017-10-19 10:10,3940.26,3938.83,3941.02,3938.83,2689504,36.8亿,0.06%
2017-10-19 10:15,3939.15,3935.28,3939.32,3934.69,3501138,46.3亿,0.12%
2017-10-19 10:20,3935.63,3938.46,3938.99,3935.49,3151121,39亿,0.09%
2017-10-19 10:25,3938.48,3934.98,3938.92,3934.36,2621063,34.3亿,0.12%
2017-10-19 10:30,3934.02,3933.09,3934.02,3931.58,3837329,45.1亿,0.06%
2017-10-19 10:35,3933.03,3935.50,3935.92,3932.28,2347721,29.1亿,0.09%
2017-10-19 10:40,3935.41,3929.90,3936.31,3929.90,1742201,24.6亿,0.16%
2017-10-19 10:45,3929.84,3928.53,3930.09,3924.99,1974101,27亿,0.13%
2017-10-19 10:50,3928.51,3932.51,3933.24,3928.51,1587938,21.2亿,0.12%
2017-10-19 10:55,3932.36,3933.29,3933.56,3931.62,1294902,16.7亿,0.05%
2017-10-19 11:00,3933.51,3931.19,3933.51,3931.15,1253339,17亿,0.06%
2017-10-19 11:05,3931.14,3933.84,3933.84,3930.87,1534520,18.2亿,0.08%
2017-10-19 11:10,3933.74,3932.33,3934.80,3932.33,1308774,16.8亿,0.06%
2017-10-19 11:15,3932.17,3930.65,3932.59,3930.65,1231961,15.2亿,0.05%
2017-10-19 11:20,3930.52,3930.06,3931.07,3929.53,983721,14亿,0.04%
2017-10-19 11:25,3929.91,3930.22,3930.61,3928.79,1048395,15.2亿,0.05%
2017-10-19 11:30,3930.13,3930.93,3931.62,3930.13,964413,13.1亿,0.04%
2017-10-19 13:05,3931.24,3930.62,3931.24,3929.87,1396870,17.1亿,0.03%
2017-10-19 13:10,3930.45,3927.41,3930.60,3927.41,1322125,15.3亿,0.08%
2017-10-19 13:15,3927.40,3926.03,3927.75,3925.65,1125313,13.8亿,0.05%
2017-10-19 13:20,3925.89,3924.02,3926.02,3923.75,1179149,15.6亿,0.06%
2017-10-19 13:25,3923.86,3925.71,3925.97,3923.65,1087959,13.5亿,0.06%
2017-10-19 13:30,3925.91,3929.07,3929.36,3925.91,1045756,14.5亿,0.09%
2017-10-19 13:35,3929.39,3931.70,3931.70,3928.99,1089689,16.2亿,0.07%
2017-10-19 13:40,3931.59,3929.40,3932.51,3929.40,1180359,18.7亿,0.08%
2017-10-19 13:45,3929.45,3930.95,3931.02,3927.00,2318860,25.6亿,0.1%
2017-10-19 13:50,3930.82,3935.22,3935.48,3930.82,1336770,19.2亿,0.12%
2017-10-19 13:55,3935.15,3938.29,3938.69,3935.15,1221732,18.3亿,0.09%
2017-10-19 14:00,3938.23,3936.99,3938.58,3936.36,1088114,15亿,0.06%
2017-10-19 14:05,3936.77,3936.28,3937.04,3935.87,1037427,14.3亿,0.03%
2017-10-19 14:10,3936.29,3934.75,3936.84,3934.64,1252263,17.5亿,0.06%
2017-10-19 14:15,3934.68,3932.64,3934.68,3932.40,2223893,25.2亿,0.06%
2017-10-19 14:20,3932.64,3927.79,3933.19,3927.79,2238780,26亿,0.14%
2017-10-19 14:25,3927.83,3928.71,3928.71,3923.92,3987381,41.1亿,0.12%
2017-10-19 14:30,3928.69,3927.57,3929.43,3927.53,1785001,21亿,0.05%
2017-10-19 14:35,3927.52,3926.78,3927.52,3923.89,3080996,33.5亿,0.09%
2017-10-19 14:40,3926.49,3926.50,3928.64,3926.49,2264798,26.5亿,0.05%
2017-10-19 14:45,3926.03,3926.09,3926.95,3924.57,3080210,32亿,0.06%
2017-10-19 14:50,3925.83,3925.41,3926.38,3924.43,4003396,44.2亿,0.05%
2017-10-19 14:55,3926.04,3928.95,3930.53,3925.42,4952661,53.6亿,0.13%
2017-10-19 15:00,3928.64,3931.25,3931.45,3927.56,5712079,63.1亿,0.1%
2017-10-20 09:35,3918.53,3921.55,3921.55,3916.04,4378834,51.5亿,0.14%
2017-10-20 09:40,3921.03,3917.02,3922.11,3917.02,3009082,38.8亿,0.13%
2017-10-20 09:45,3916.69,3911.20,3916.75,3910.20,2956984,39.7亿,0.17%
2017-10-20 09:50,3911.06,3913.70,3914.07,3910.58,2131204,29.8亿,0.09%
2017-10-20 09:55,3914.32,3913.99,3915.48,3913.75,2253013,30亿,0.04%
2017-10-20 10:00,3914.30,3916.11,3916.11,3914.18,1864634,25.2亿,0.05%
2017-10-20 10:05,3916.13,3920.16,3920.35,3916.12,1947904,25.8亿,0.11%
2017-10-20 10:10,3920.16,3920.48,3921.61,3919.89,1890448,23.3亿,0.04%
2017-10-20 10:15,3920.48,3918.43,3920.57,3917.68,1631074,21.4亿,0.07%
2017-10-20 10:20,3918.43,3916.84,3918.43,3916.84,1545890,19.6亿,0.04%
2017-10-20 10:25,3916.84,3916.93,3918.34,3916.71,1569470,18.6亿,0.04%
2017-10-20 10:30,3917.44,3912.96,3917.53,3912.41,1491854,19.5亿,0.13%
2017-10-20 10:35,3912.60,3913.80,3914.46,3912.49,1476649,18.2亿,0.05%
2017-10-20 10:40,3914.08,3913.21,3914.21,3912.60,1089493,15.9亿,0.04%
2017-10-20 10:45,3913.07,3912.33,3913.47,3911.69,1324345,17.6亿,0.05%
2017-10-20 10:50,3912.08,3915.54,3915.73,3911.92,1426476,18.3亿,0.1%
2017-10-20 10:55,3915.68,3915.60,3916.02,3914.52,1254738,16.9亿,0.04%
2017-10-20 11:00,3915.64,3917.56,3918.18,3915.54,1225142,16.5亿,0.07%
2017-10-20 11:05,3917.72,3917.15,3918.22,3917.05,1087881,14.2亿,0.03%
2017-10-20 11:10,3917.18,3916.60,3917.63,3916.31,978748,13.1亿,0.03%
2017-10-20 11:15,3916.80,3915.11,3916.80,3914.73,857470,11.3亿,0.05%
2017-10-20 11:20,3914.92,3914.34,3915.32,3914.01,858498,11.8亿,0.03%
2017-10-20 11:25,3915.05,3915.90,3916.04,3914.20,778176,10.8亿,0.05%
2017-10-20 11:30,3915.93,3920.68,3920.68,3915.77,898401,12.3亿,0.13%
2017-10-20 13:05,3920.97,3922.35,3922.78,3920.97,1206211,15.5亿,0.05%
2017-10-20 13:10,3921.84,3922.57,3922.57,3921.36,886106,11.3亿,0.03%
2017-10-20 13:15,3922.51,3923.60,3924.30,3922.51,1197348,15.4亿,0.05%
2017-10-20 13:20,3923.68,3924.09,3924.26,3923.24,945925,13.4亿,0.03%
2017-10-20 13:25,3923.61,3922.54,3923.90,3922.18,959055,12.1亿,0.04%
2017-10-20 13:30,3922.63,3922.78,3923.39,3922.11,928719,13.1亿,0.03%
2017-10-20 13:35,3922.86,3922.86,3923.57,3922.34,1173166,14.2亿,0.03%
2017-10-20 13:40,3923.08,3920.78,3923.09,3920.34,1199183,13.9亿,0.07%
2017-10-20 13:45,3920.92,3918.88,3920.92,3918.60,1165354,14.2亿,0.06%
2017-10-20 13:50,3919.09,3920.86,3920.88,3918.51,1280716,15亿,0.06%
2017-10-20 13:55,3920.83,3920.32,3921.42,3919.81,1081779,14亿,0.04%
2017-10-20 14:00,3920.24,3920.68,3920.68,3919.62,978664,14.3亿,0.03%
2017-10-20 14:05,3920.54,3923.31,3923.32,3920.17,989289,14.5亿,0.08%
2017-10-20 14:10,3923.20,3925.27,3925.79,3923.18,1088872,14.9亿,0.07%
2017-10-20 14:15,3925.06,3925.93,3926.66,3924.98,1027661,14.5亿,0.04%
2017-10-20 14:20,3925.90,3927.68,3928.23,3925.90,1105285,15亿,0.06%
2017-10-20 14:25,3927.99,3926.88,3928.38,3926.88,1357632,17.5亿,0.04%
2017-10-20 14:30,3926.88,3927.48,3928.11,3926.76,1371039,17.3亿,0.03%
2017-10-20 14:35,3927.78,3928.50,3928.96,3927.53,1682130,20.3亿,0.04%
2017-10-20 14:40,3928.47,3925.15,3928.76,3925.15,1784167,22.3亿,0.09%
2017-10-20 14:45,3925.62,3925.67,3925.93,3924.79,1539383,20.6亿,0.03%
2017-10-20 14:50,3925.12,3925.71,3926.17,3925.10,1755690,23.5亿,0.03%
2017-10-20 14:55,3925.69,3926.84,3927.39,3925.43,2728836,33.1亿,0.05%
2017-10-20 15:00,3926.48,3926.85,3927.44,3925.53,2927902,36.9亿,0.05%
2017-10-23 09:35,3930.89,3932.30,3932.30,3928.87,3957254,49.7亿,0.09%
2017-10-23 09:40,3932.60,3932.58,3936.27,3932.51,3806715,45.5亿,0.1%
2017-10-23 09:45,3932.37,3932.35,3932.54,3930.41,2893490,36.6亿,0.05%
2017-10-23 09:50,3932.69,3930.29,3933.16,3929.83,2830512,37.4亿,0.08%
2017-10-23 09:55,3930.61,3931.57,3932.00,3930.21,2484988,31.5亿,0.05%
2017-10-23 10:00,3931.65,3932.58,3932.68,3931.08,2250823,29.9亿,0.04%
2017-10-23 10:05,3932.40,3931.33,3932.40,3931.06,2432665,31.4亿,0.03%
2017-10-23 10:10,3931.05,3928.98,3931.45,3928.86,2112949,30.2亿,0.07%
2017-10-23 10:15,3929.06,3923.64,3929.06,3923.55,2188691,29.4亿,0.14%
2017-10-23 10:20,3923.81,3921.73,3924.07,3921.41,1811767,24.7亿,0.07%
2017-10-23 10:25,3921.73,3923.87,3923.87,3920.66,1607157,22.4亿,0.08%
2017-10-23 10:30,3923.87,3925.68,3925.92,3923.34,1253343,17.2亿,0.07%
2017-10-23 10:35,3925.81,3927.70,3927.70,3925.54,1239199,17.1亿,0.05%
2017-10-23 10:40,3927.50,3929.63,3929.84,3927.17,1391203,19.5亿,0.07%
2017-10-23 10:45,3929.76,3929.24,3931.30,3928.83,1662233,21.9亿,0.06%
2017-10-23 10:50,3929.00,3929.89,3930.59,3928.32,1401037,18.1亿,0.06%
2017-10-23 10:55,3930.08,3929.21,3930.80,3929.21,1468298,18.7亿,0.04%
2017-10-23 11:00,3929.59,3927.70,3929.59,3926.95,1462187,17.3亿,0.07%
2017-10-23 11:05,3927.11,3926.52,3927.96,3926.22,1392694,16.2亿,0.04%
2017-10-23 11:10,3926.56,3925.96,3926.94,3925.96,1146162,14.5亿,0.02%
2017-10-23 11:15,3926.11,3927.10,3927.59,3925.52,986446,12.9亿,0.05%
2017-10-23 11:20,3927.06,3926.03,3927.24,3925.77,1100418,13.2亿,0.04%
2017-10-23 11:25,3926.06,3927.23,3927.23,3925.76,967609,12.8亿,0.04%
2017-10-23 11:30,3927.11,3928.39,3928.61,3926.11,995470,11.7亿,0.06%
2017-10-23 13:05,3928.31,3927.35,3928.89,3926.92,1078112,13.2亿,0.05%
2017-10-23 13:10,3927.04,3926.71,3927.53,3925.85,764374,10.3亿,0.04%
2017-10-23 13:15,3926.21,3927.10,3927.85,3926.21,832273,11.6亿,0.04%
2017-10-23 13:20,3927.37,3928.92,3929.13,3927.21,861469,11.9亿,0.05%
2017-10-23 13:25,3928.67,3929.68,3930.24,3928.66,857797,12.4亿,0.04%
2017-10-23 13:30,3929.62,3927.25,3929.93,3926.97,899156,11.7亿,0.08%
2017-10-23 13:35,3927.09,3928.44,3928.44,3926.96,982932,12.8亿,0.04%
2017-10-23 13:40,3928.11,3930.00,3930.08,3928.11,1476759,16.2亿,0.05%
2017-10-23 13:45,3929.65,3930.22,3931.27,3929.64,1899402,18.5亿,0.04%
2017-10-23 13:50,3929.82,3929.21,3930.66,3928.79,1885699,17.7亿,0.05%
2017-10-23 13:55,3929.29,3929.33,3929.72,3928.40,1514697,15.9亿,0.03%
2017-10-23 14:00,3929.33,3930.45,3930.45,3929.31,1297587,14亿,0.03%
2017-10-23 14:05,3930.10,3930.60,3931.56,3929.79,1165969,14.2亿,0.05%
2017-10-23 14:10,3930.60,3927.17,3930.83,3926.92,1396954,16.1亿,0.1%
2017-10-23 14:15,3926.80,3927.03,3927.67,3926.16,1425732,15.9亿,0.04%
2017-10-23 14:20,3927.07,3928.21,3928.95,3926.68,1450485,15.4亿,0.06%
2017-10-23 14:25,3927.97,3928.84,3929.49,3927.58,1255515,14.5亿,0.05%
2017-10-23 14:30,3929.12,3931.16,3931.32,3928.80,1695606,17.6亿,0.06%
2017-10-23 14:35,3930.18,3932.56,3933.05,3930.18,1692902,19.5亿,0.07%
2017-10-23 14:40,3932.53,3934.28,3935.39,3932.53,1904396,21.9亿,0.07%
2017-10-23 14:45,3934.55,3931.57,3934.55,3930.85,2041679,23亿,0.09%
2017-10-23 14:50,3931.74,3932.03,3932.39,3931.18,1822162,24.1亿,0.03%
2017-10-23 14:55,3931.70,3930.90,3932.31,3930.85,2202023,28.8亿,0.04%
2017-10-23 15:00,3930.60,3930.80,3932.89,3930.60,3674769,39亿,0.06%
2017-10-24 09:35,3926.23,3926.48,3926.64,3922.03,3221017,37.7亿,0.12%
2017-10-24 09:40,3926.48,3929.23,3929.54,3926.48,3303154,38.8亿,0.08%
2017-10-24 09:45,3929.64,3935.32,3936.69,3929.29,3128766,38.9亿,0.19%
2017-10-24 09:50,3934.72,3942.45,3942.93,3934.59,2895972,37亿,0.21%
2017-10-24 09:55,3943.20,3942.33,3943.97,3940.46,2597329,32.7亿,0.09%
2017-10-24 10:00,3942.65,3944.07,3944.18,3942.54,2608346,32.6亿,0.04%
2017-10-24 10:05,3944.06,3944.57,3944.96,3942.96,2412509,30.1亿,0.05%
2017-10-24 10:10,3944.06,3949.07,3949.26,3944.06,2042388,29亿,0.13%
2017-10-24 10:15,3949.05,3946.29,3950.02,3945.05,2256903,31.1亿,0.13%
2017-10-24 10:20,3946.41,3949.65,3949.65,3946.37,2414436,32亿,0.08%
2017-10-24 10:25,3949.47,3953.12,3953.51,3949.30,2013284,27.9亿,0.11%
2017-10-24 10:30,3953.05,3950.62,3953.41,3950.44,1851971,26.5亿,0.08%
2017-10-24 10:35,3950.35,3950.85,3950.85,3949.13,2038215,26.4亿,0.04%
2017-10-24 10:40,3950.99,3953.30,3953.34,3950.39,2351764,29.2亿,0.07%
2017-10-24 10:45,3953.41,3951.15,3953.41,3950.31,1568365,20亿,0.08%
2017-10-24 10:50,3951.47,3950.79,3952.76,3950.73,1283349,18.1亿,0.05%
2017-10-24 10:55,3950.96,3951.99,3952.00,3949.39,1635377,20.3亿,0.07%
2017-10-24 11:00,3952.25,3952.41,3952.99,3952.02,1030402,14.3亿,0.02%
2017-10-24 11:05,3952.00,3951.77,3952.27,3950.52,960764,14.2亿,0.04%
2017-10-24 11:10,3951.77,3951.39,3951.89,3950.26,979969,13.6亿,0.04%
2017-10-24 11:15,3951.28,3951.58,3951.99,3950.47,1095433,14.7亿,0.04%
2017-10-24 11:20,3951.51,3950.33,3951.55,3949.99,915301,12.7亿,0.04%
2017-10-24 11:25,3950.25,3952.71,3953.33,3950.25,1551870,19.8亿,0.08%
2017-10-24 11:30,3952.63,3951.78,3953.64,3951.78,989298,13.5亿,0.05%
2017-10-24 13:05,3951.81,3950.05,3952.14,3949.73,1378918,16.6亿,0.06%
2017-10-24 13:10,3950.49,3950.77,3951.30,3948.59,1216285,15.1亿,0.07%
2017-10-24 13:15,3950.19,3950.36,3950.36,3947.98,1995903,22.2亿,0.06%
2017-10-24 13:20,3950.21,3950.01,3950.52,3948.15,1588269,19.4亿,0.06%
2017-10-24 13:25,3949.98,3952.54,3953.81,3949.98,2001249,24.2亿,0.1%
2017-10-24 13:30,3951.89,3951.99,3952.75,3951.83,1296775,15.2亿,0.02%
2017-10-24 13:35,3952.07,3951.35,3952.30,3950.42,1492945,18.3亿,0.05%
2017-10-24 13:40,3951.53,3950.69,3951.55,3948.39,2322996,27.7亿,0.08%
2017-10-24 13:45,3950.19,3953.83,3955.32,3950.19,2713610,33亿,0.13%
2017-10-24 13:50,3953.57,3952.88,3954.17,3952.60,1241977,16.1亿,0.04%
2017-10-24 13:55,3952.45,3953.88,3953.88,3950.56,1744762,22.3亿,0.08%
2017-10-24 14:00,3954.06,3953.66,3954.63,3951.92,2111794,26.8亿,0.07%
2017-10-24 14:05,3953.66,3957.12,3957.89,3953.64,2662117,33.4亿,0.11%
2017-10-24 14:10,3957.12,3955.20,3957.41,3955.20,1338063,18.9亿,0.06%
2017-10-24 14:15,3955.66,3952.51,3955.67,3951.36,1654403,21.2亿,0.11%
2017-10-24 14:20,3952.96,3954.58,3955.53,3952.86,1740946,24.2亿,0.07%
2017-10-24 14:25,3954.48,3956.36,3956.88,3952.04,1981888,28.4亿,0.12%
2017-10-24 14:30,3955.83,3953.91,3956.28,3953.91,1475692,20.4亿,0.06%
2017-10-24 14:35,3954.23,3958.28,3958.97,3954.09,2335192,30.4亿,0.12%
2017-10-24 14:40,3958.57,3958.95,3959.26,3957.68,1562306,21.3亿,0.04%
2017-10-24 14:45,3958.17,3957.70,3958.81,3956.74,1735077,24.7亿,0.05%
2017-10-24 14:50,3957.03,3956.51,3957.36,3955.15,2107503,28.8亿,0.06%
2017-10-24 14:55,3956.19,3957.31,3958.72,3956.19,2678389,37.2亿,0.06%
2017-10-24 15:00,3956.48,3959.40,3959.50,3956.48,3178254,41亿,0.08%
2017-10-25 09:35,3958.17,3958.50,3958.70,3954.00,3490149,41.5亿,0.12%
2017-10-25 09:40,3958.22,3958.97,3959.97,3958.11,2786122,37.5亿,0.05%
2017-10-25 09:45,3958.62,3959.57,3959.90,3954.57,2565526,35.5亿,0.13%
2017-10-25 09:50,3959.73,3960.67,3960.95,3958.79,2465347,32.2亿,0.05%
2017-10-25 09:55,3960.76,3965.15,3965.30,3960.08,2720020,33.4亿,0.13%
2017-10-25 10:00,3965.31,3963.09,3965.74,3963.09,2381585,31.7亿,0.07%
2017-10-25 10:05,3963.35,3962.42,3963.35,3962.09,1961458,26.9亿,0.03%
2017-10-25 10:10,3962.46,3967.03,3967.73,3962.36,2624815,30.4亿,0.14%
2017-10-25 10:15,3966.82,3966.88,3967.90,3966.32,2119083,25.7亿,0.04%
2017-10-25 10:20,3967.16,3966.77,3968.24,3966.44,2819000,29.2亿,0.05%
2017-10-25 10:25,3966.52,3964.38,3966.78,3964.23,2260924,24.8亿,0.06%
2017-10-25 10:30,3964.55,3965.55,3965.78,3963.69,2478125,27.3亿,0.05%
2017-10-25 10:35,3965.11,3964.42,3965.69,3964.32,2155214,23亿,0.03%
2017-10-25 10:40,3964.25,3963.86,3965.06,3963.86,1589948,19.8亿,0.03%
2017-10-25 10:45,3964.29,3966.57,3966.86,3964.03,1376571,17.4亿,0.07%
2017-10-25 10:50,3966.29,3968.99,3968.99,3965.96,1466482,18.9亿,0.08%
2017-10-25 10:55,3968.60,3971.79,3972.24,3968.49,1490281,20亿,0.09%
2017-10-25 11:00,3971.85,3972.88,3974.17,3971.68,1903515,23.2亿,0.06%
2017-10-25 11:05,3972.46,3969.16,3972.46,3969.16,1348820,16.9亿,0.08%
2017-10-25 11:10,3969.00,3969.17,3970.22,3968.70,916596,12.8亿,0.04%
2017-10-25 11:15,3969.24,3968.51,3969.54,3968.00,1080461,13.7亿,0.04%
2017-10-25 11:20,3968.56,3969.30,3970.43,3968.56,1009925,14.4亿,0.05%
2017-10-25 11:25,3969.54,3970.19,3971.37,3968.86,1000092,13.3亿,0.06%
2017-10-25 11:30,3970.10,3969.10,3970.54,3968.64,867636,11.6亿,0.05%
2017-10-25 13:05,3969.47,3970.13,3971.15,3969.15,1065148,12.9亿,0.05%
2017-10-25 13:10,3970.58,3969.76,3970.69,3969.50,855214,11.3亿,0.03%
2017-10-25 13:15,3970.26,3969.05,3970.52,3968.51,967239,13亿,0.05%
2017-10-25 13:20,3969.04,3964.52,3969.12,3964.52,1162512,15.2亿,0.12%
2017-10-25 13:25,3965.00,3964.10,3965.25,3960.40,2308824,27.9亿,0.12%
2017-10-25 13:30,3964.01,3965.56,3966.94,3964.01,1497311,19亿,0.07%
2017-10-25 13:35,3965.06,3965.84,3967.02,3963.80,1417996,17.5亿,0.08%
2017-10-25 13:40,3966.04,3964.22,3966.65,3963.96,949577,12.9亿,0.07%
2017-10-25 13:45,3964.09,3963.95,3964.48,3962.20,1131723,15.2亿,0.06%
2017-10-25 13:50,3963.71,3965.87,3966.19,3963.71,1089681,13.9亿,0.06%
2017-10-25 13:55,3966.12,3966.95,3967.36,3965.67,961723,14.5亿,0.04%
2017-10-25 14:00,3967.16,3967.49,3968.01,3966.60,932761,12.4亿,0.04%
2017-10-25 14:05,3967.47,3968.16,3968.70,3967.22,942567,12.1亿,0.04%
2017-10-25 14:10,3968.37,3969.06,3969.19,3967.90,890250,11.9亿,0.03%
2017-10-25 14:15,3969.06,3972.99,3973.39,3968.79,2460764,25亿,0.12%
2017-10-25 14:20,3972.99,3971.45,3974.01,3971.21,1962027,20.2亿,0.07%
2017-10-25 14:25,3971.45,3970.03,3971.96,3969.63,1350682,15.8亿,0.06%
2017-10-25 14:30,3969.98,3969.55,3970.71,3968.93,1359132,17亿,0.04%
2017-10-25 14:35,3969.07,3972.74,3972.75,3968.77,2407231,25.1亿,0.1%
2017-10-25 14:40,3973.12,3973.00,3973.60,3972.55,2247865,25.2亿,0.03%
2017-10-25 14:45,3972.75,3972.49,3973.06,3971.65,2323914,25.5亿,0.04%
2017-10-25 14:50,3972.59,3975.60,3975.79,3972.00,2326309,29.4亿,0.1%
2017-10-25 14:55,3975.72,3973.99,3977.61,3973.99,4327247,46.3亿,0.09%
2017-10-25 15:00,3974.15,3976.95,3978.09,3973.39,3967252,42.8亿,0.12%
2017-10-26 09:35,3980.05,3977.25,3980.25,3973.55,4871330,73.9亿,0.17%
2017-10-26 09:40,3976.93,3978.16,3979.84,3976.57,4158784,57.8亿,0.08%
2017-10-26 09:45,3978.47,3984.20,3984.56,3977.56,3640541,55.5亿,0.18%
2017-10-26 09:50,3983.86,3993.56,3993.56,3983.86,3754989,52.9亿,0.24%
2017-10-26 09:55,3993.04,3995.96,3996.40,3992.46,4523712,62亿,0.1%
2017-10-26 10:00,3996.24,3995.88,3997.40,3993.65,3854206,55.2亿,0.09%
2017-10-26 10:05,3995.89,4001.75,4002.19,3995.83,3303229,53.2亿,0.16%
2017-10-26 10:10,4002.22,4012.10,4012.32,4002.22,4003157,58.3亿,0.25%
2017-10-26 10:15,4011.95,4011.18,4013.60,4011.18,4553885,60.7亿,0.06%
2017-10-26 10:20,4011.18,4006.34,4011.18,4004.89,4205094,51亿,0.16%
2017-10-26 10:25,4006.07,4006.70,4007.64,4005.68,2641411,36亿,0.05%
2017-10-26 10:30,4006.43,4003.00,4006.87,4003.00,2611640,34.4亿,0.1%
2017-10-26 10:35,4003.69,4000.05,4003.69,3999.60,2345578,33.7亿,0.1%
2017-10-26 10:40,4000.05,4007.14,4007.37,3999.58,2541159,33.1亿,0.19%
2017-10-26 10:45,4007.14,4006.91,4007.50,4005.98,3511873,38.5亿,0.04%
2017-10-26 10:50,4006.87,4002.58,4006.91,4002.36,3230278,37.1亿,0.11%
2017-10-26 10:55,4002.60,4001.24,4002.60,4000.34,2317491,29.8亿,0.06%
2017-10-26 11:00,4001.14,3997.57,4001.24,3997.48,2420131,28亿,0.09%
2017-10-26 11:05,3997.73,3997.45,3998.16,3996.03,2264184,26.2亿,0.05%
2017-10-26 11:10,3997.66,3999.91,3999.93,3997.27,1855446,23.3亿,0.07%
2017-10-26 11:15,4000.16,4001.35,4001.94,3999.89,1739227,22亿,0.05%
2017-10-26 11:20,4001.32,4003.08,4003.37,4000.87,1774751,22亿,0.06%
2017-10-26 11:25,4003.39,4006.38,4006.48,4003.20,1974707,25.5亿,0.08%
2017-10-26 11:30,4006.25,4007.88,4007.97,4006.10,2223784,28亿,0.05%
2017-10-26 13:05,4007.86,4007.05,4010.74,4006.98,2660733,31.6亿,0.09%
2017-10-26 13:10,4007.04,4008.54,4009.16,4006.11,2408398,29.1亿,0.08%
2017-10-26 13:15,4009.12,4006.86,4009.12,4006.86,2218056,29.5亿,0.06%
2017-10-26 13:20,4007.14,4003.42,4007.67,4003.39,2254738,28.5亿,0.11%
2017-10-26 13:25,4003.35,3999.55,4003.49,3999.55,2140037,28.8亿,0.1%
2017-10-26 13:30,3999.82,4001.62,4002.03,3999.44,2242583,29.1亿,0.06%
2017-10-26 13:35,4002.06,3996.47,4002.06,3996.47,2188649,29.7亿,0.14%
2017-10-26 13:40,3995.92,3999.01,3999.01,3995.57,1945102,27.1亿,0.09%
2017-10-26 13:45,3998.97,3995.91,3999.88,3995.91,2123967,28.6亿,0.1%
2017-10-26 13:50,3995.92,3993.82,3996.19,3993.25,2044366,26.7亿,0.07%
2017-10-26 13:55,3993.76,3994.21,3994.36,3991.04,1763756,23.7亿,0.08%
2017-10-26 14:00,3994.18,3996.32,3996.32,3994.03,1438062,20.2亿,0.06%
2017-10-26 14:05,3996.44,3999.49,3999.68,3996.36,1640129,20.9亿,0.08%
2017-10-26 14:10,3999.50,4000.10,4001.01,3999.03,2063051,24.7亿,0.05%
2017-10-26 14:15,4000.10,3996.15,4000.23,3995.49,2226357,28.8亿,0.12%
2017-10-26 14:20,3996.15,3993.22,3996.15,3993.13,2774974,32.7亿,0.08%
2017-10-26 14:25,3993.22,3989.46,3994.86,3989.46,2469753,28.9亿,0.14%
2017-10-26 14:30,3989.54,3990.24,3990.49,3987.43,2368726,28.9亿,0.08%
2017-10-26 14:35,3990.52,3990.52,3991.08,3989.52,2132176,27.1亿,0.04%
2017-10-26 14:40,3990.43,3986.93,3990.76,3986.93,2260987,29.3亿,0.1%
2017-10-26 14:45,3987.28,3988.94,3988.94,3984.99,2608420,32.7亿,0.1%
2017-10-26 14:50,3988.90,3991.51,3991.51,3988.89,2419346,28.6亿,0.07%
2017-10-26 14:55,3991.16,3992.53,3992.53,3990.83,2820181,35.1亿,0.04%
2017-10-26 15:00,3992.51,3993.58,3994.12,3991.84,3755945,45.1亿,0.06%
2017-10-27 09:35,3992.55,4000.30,4000.42,3991.35,5702384,64.1亿,0.23%
2017-10-27 09:40,4000.85,4003.68,4003.92,4000.33,4896756,54.4亿,0.09%
2017-10-27 09:45,4004.09,4003.28,4006.06,4002.93,4406033,49.3亿,0.08%
2017-10-27 09:50,4003.01,4003.35,4004.39,4001.16,4247649,46.4亿,0.08%
2017-10-27 09:55,4003.58,4001.55,4003.82,4001.55,4127186,46亿,0.06%
2017-10-27 10:00,4001.68,4003.82,4003.82,3999.13,3838340,43.7亿,0.12%
2017-10-27 10:05,4003.73,4012.04,4012.04,4003.73,3684772,44.1亿,0.21%
2017-10-27 10:10,4011.21,4008.49,4012.71,4008.49,3967118,43.4亿,0.11%
2017-10-27 10:15,4008.51,4010.00,4010.11,4007.24,3309790,36.2亿,0.07%
2017-10-27 10:20,4010.26,4009.93,4011.84,4009.56,2957765,35.6亿,0.06%
2017-10-27 10:25,4010.09,4005.25,4010.09,4005.25,2576040,29.6亿,0.12%
2017-10-27 10:30,4005.14,4005.06,4005.66,4004.22,2205192,25.8亿,0.04%
2017-10-27 10:35,4004.88,4007.01,4007.35,4004.70,1839971,23.9亿,0.07%
2017-10-27 10:40,4007.22,4012.86,4013.37,4007.18,2721765,31.3亿,0.15%
2017-10-27 10:45,4012.86,4010.26,4013.48,4010.26,2458723,29.1亿,0.08%
2017-10-27 10:50,4010.78,4005.02,4010.78,4004.89,2417765,28.1亿,0.15%
2017-10-27 10:55,4005.32,4005.27,4006.61,4004.91,1834875,21.4亿,0.04%
2017-10-27 11:00,4004.76,4001.10,4004.76,4000.05,2668421,29.5亿,0.12%
2017-10-27 11:05,4001.41,4002.35,4002.74,4001.41,2257878,24.5亿,0.03%
2017-10-27 11:10,4002.15,4003.04,4003.50,4001.81,1827422,24.4亿,0.04%
2017-10-27 11:15,4002.85,4000.93,4003.45,4000.93,1776007,25.2亿,0.06%
2017-10-27 11:20,4001.27,3998.94,4001.27,3998.94,2134581,30.2亿,0.06%
2017-10-27 11:25,3998.88,4004.41,4004.41,3998.88,1866605,24.1亿,0.14%
2017-10-27 11:30,4004.56,4009.16,4009.17,4004.45,1857060,22.7亿,0.12%
2017-10-27 13:05,4009.04,4012.22,4012.25,4009.04,2053996,24.7亿,0.08%
2017-10-27 13:10,4012.09,4008.90,4013.13,4008.88,1380052,18.8亿,0.11%
2017-10-27 13:15,4008.80,4008.48,4009.03,4007.72,1586055,19.7亿,0.03%
2017-10-27 13:20,4008.45,4007.45,4009.18,4007.40,1594337,20.3亿,0.04%
2017-10-27 13:25,4007.55,4007.94,4008.32,4006.46,1870042,22.1亿,0.05%
2017-10-27 13:30,4007.81,4008.61,4008.61,4007.62,1608881,18.2亿,0.02%
2017-10-27 13:35,4008.65,4010.97,4011.04,4008.57,1538005,19.4亿,0.06%
2017-10-27 13:40,4010.88,4012.30,4012.75,4010.80,1605476,20.9亿,0.05%
2017-10-27 13:45,4012.42,4014.04,4015.73,4012.41,2160088,28.7亿,0.08%
2017-10-27 13:50,4014.29,4010.57,4014.52,4010.57,1930743,25亿,0.1%
2017-10-27 13:55,4010.72,4012.49,4013.27,4010.46,2012619,26.1亿,0.07%
2017-10-27 14:00,4012.21,4015.45,4015.45,4011.93,2441785,28.9亿,0.09%
2017-10-27 14:05,4015.11,4014.42,4017.03,4014.42,2689755,31.9亿,0.07%
2017-10-27 14:10,4014.32,4010.72,4014.34,4010.19,2178271,26.7亿,0.1%
2017-10-27 14:15,4010.79,4008.03,4011.11,4008.03,2181233,27.3亿,0.08%
2017-10-27 14:20,4008.07,4016.02,4016.02,4007.77,2215690,29.4亿,0.21%
2017-10-27 14:25,4015.80,4021.87,4021.92,4015.64,1767599,25.9亿,0.16%
2017-10-27 14:30,4021.72,4021.30,4024.46,4020.75,2891475,37.3亿,0.09%
2017-10-27 14:35,4020.83,4017.57,4021.40,4017.36,2691192,35.5亿,0.1%
2017-10-27 14:40,4016.88,4011.37,4017.21,4010.49,3617022,40.9亿,0.17%
2017-10-27 14:45,4011.08,4012.56,4012.72,4009.80,2508607,32.6亿,0.07%
2017-10-27 14:50,4012.44,4012.50,4014.17,4011.84,2596949,33.1亿,0.06%
2017-10-27 14:55,4012.35,4016.26,4016.45,4012.22,3273556,41.6亿,0.11%
2017-10-27 15:00,4016.46,4021.97,4022.09,4016.46,3954014,53.2亿,0.14%
2017-10-30 09:35,4022.16,4030.59,4030.97,4020.53,7133711,90.8亿,0.26%
2017-10-30 09:40,4030.20,4023.18,4033.34,4023.18,6473143,82.4亿,0.25%
2017-10-30 09:45,4023.09,4010.44,4023.09,4010.33,6547021,78.6亿,0.32%
2017-10-30 09:50,4010.93,4014.33,4014.51,4008.37,5634781,66.1亿,0.15%
2017-10-30 09:55,4014.46,4010.39,4014.46,4010.39,5803469,68亿,0.1%
2017-10-30 10:00,4010.39,3990.75,4010.47,3990.75,6414903,76.3亿,0.49%
2017-10-30 10:05,3990.75,3976.04,3990.75,3976.00,7076071,83.3亿,0.37%
2017-10-30 10:10,3976.04,3973.90,3976.04,3960.27,7848721,91.7亿,0.4%
2017-10-30 10:15,3973.90,3978.49,3978.49,3973.90,4129889,51.6亿,0.12%
2017-10-30 10:20,3977.94,3985.96,3985.96,3977.89,3152962,40.9亿,0.2%
2017-10-30 10:25,3986.05,3985.04,3989.42,3984.60,3465662,43.4亿,0.12%
2017-10-30 10:30,3985.02,3980.89,3985.78,3980.32,2730620,34.8亿,0.14%
2017-10-30 10:35,3980.44,3986.75,3987.09,3980.37,2420157,30.9亿,0.17%
2017-10-30 10:40,3987.21,3988.33,3989.86,3987.15,2296941,30.6亿,0.07%
2017-10-30 10:45,3987.85,3989.13,3989.26,3987.32,2087677,26.3亿,0.05%
2017-10-30 10:50,3989.35,3990.78,3990.78,3988.30,2252617,29.1亿,0.06%
2017-10-30 10:55,3990.42,3990.81,3991.35,3989.51,2374669,29亿,0.05%
2017-10-30 11:00,3991.08,3994.34,3994.43,3991.08,2003526,26.9亿,0.08%
2017-10-30 11:05,3994.19,3996.60,3996.88,3993.96,2266504,28.4亿,0.07%
2017-10-30 11:10,3996.39,3995.90,3996.85,3994.52,2100563,28.5亿,0.06%
2017-10-30 11:15,3996.25,4001.51,4001.51,3996.02,1785229,26.4亿,0.14%
2017-10-30 11:20,4001.59,4007.11,4007.11,4001.59,2133519,29.8亿,0.14%
2017-10-30 11:25,4006.98,4007.26,4008.69,4006.75,2050661,27.2亿,0.05%
2017-10-30 11:30,4007.32,4009.78,4010.02,4007.25,1697055,23.4亿,0.07%
2017-10-30 13:05,4009.95,4005.25,4009.95,4004.67,2473441,30.7亿,0.13%
2017-10-30 13:10,4005.26,4007.51,4007.95,4005.05,2274209,25.9亿,0.07%
2017-10-30 13:15,4007.15,4005.01,4009.03,4005.01,2194754,27亿,0.1%
2017-10-30 13:20,4005.24,4004.05,4005.24,4002.39,2858755,32.6亿,0.07%
2017-10-30 13:25,4004.09,4005.92,4006.04,4003.84,2555899,29.9亿,0.06%
2017-10-30 13:30,4006.00,4001.86,4006.64,4001.86,2688254,30.8亿,0.12%
2017-10-30 13:35,4002.22,3995.71,4002.22,3995.71,3143565,34.2亿,0.16%
2017-10-30 13:40,3995.52,3998.32,3998.49,3995.35,2581882,28.1亿,0.08%
2017-10-30 13:45,3998.37,3995.91,3999.20,3995.91,2759696,28.5亿,0.08%
2017-10-30 13:50,3995.79,3988.53,3996.27,3988.10,2774823,32.1亿,0.2%
2017-10-30 13:55,3988.60,3991.74,3992.08,3988.33,2245044,28.8亿,0.09%
2017-10-30 14:00,3991.83,3986.16,3991.83,3986.16,1967910,25.3亿,0.14%
2017-10-30 14:05,3986.97,3997.80,3997.80,3985.71,2492281,30.9亿,0.3%
2017-10-30 14:10,3997.77,3998.82,3999.58,3997.60,1731032,24.1亿,0.05%
2017-10-30 14:15,3998.91,3997.94,3999.29,3997.22,1573278,21.1亿,0.05%
2017-10-30 14:20,3998.02,3996.10,3998.14,3995.62,1719012,22.8亿,0.06%
2017-10-30 14:25,3995.66,3995.51,3996.38,3994.63,1815143,24.3亿,0.04%
2017-10-30 14:30,3995.67,3999.49,3999.49,3993.48,2303802,27.9亿,0.15%
2017-10-30 14:35,3999.46,4002.80,4003.40,3999.46,2211255,29.3亿,0.1%
2017-10-30 14:40,4002.52,3997.04,4002.96,3996.02,2410540,31.4亿,0.17%
2017-10-30 14:45,3997.50,4001.17,4001.17,3997.30,3999211,46.5亿,0.1%
2017-10-30 14:50,4000.85,4002.87,4004.89,4000.73,3863117,45.8亿,0.1%
2017-10-30 14:55,4003.41,4004.57,4004.70,4001.93,3978875,49.9亿,0.07%
2017-10-30 15:00,4004.31,4009.72,4010.22,4003.17,5779158,69.5亿,0.18%
2017-10-31 09:35,3995.39,4000.01,4000.71,3991.14,5455863,67.4亿,0.24%
2017-10-31 09:40,3999.62,3997.56,3999.89,3996.09,4298106,56.5亿,0.09%
2017-10-31 09:45,3998.98,3992.52,3999.05,3992.41,3985332,53亿,0.17%
2017-10-31 09:50,3992.61,3996.57,3997.60,3992.33,3210932,43.2亿,0.13%
2017-10-31 09:55,3996.82,3989.08,3997.23,3988.57,3062664,42.3亿,0.22%
2017-10-31 10:00,3988.68,3985.61,3989.05,3984.98,2944805,41亿,0.1%
2017-10-31 10:05,3985.76,3990.97,3991.88,3985.59,2557459,36.5亿,0.16%
2017-10-31 10:10,3991.28,3988.65,3991.28,3986.92,2458507,38.3亿,0.11%
2017-10-31 10:15,3988.32,3991.60,3992.33,3988.32,2557431,33.1亿,0.1%
2017-10-31 10:20,3991.71,3993.51,3994.91,3991.71,2441488,33.5亿,0.08%
2017-10-31 10:25,3993.31,3992.26,3994.19,3991.30,2461208,30.4亿,0.07%
2017-10-31 10:30,3992.07,3990.21,3992.97,3990.17,2489803,30.1亿,0.07%
2017-10-31 10:35,3989.80,3985.92,3989.82,3985.42,2493489,31.4亿,0.11%
2017-10-31 10:40,3985.24,3985.20,3986.82,3984.63,2048086,27.8亿,0.06%
2017-10-31 10:45,3984.43,3987.25,3987.25,3983.26,2046749,27.6亿,0.1%
2017-10-31 10:50,3987.25,3990.51,3990.69,3986.90,1648448,25亿,0.1%
2017-10-31 10:55,3990.39,3991.44,3991.51,3990.10,1536365,22.8亿,0.04%
2017-10-31 11:00,3991.10,3992.13,3993.61,3991.07,1790585,24.8亿,0.06%
2017-10-31 11:05,3992.39,3992.53,3993.34,3991.89,1948893,23.3亿,0.04%
2017-10-31 11:10,3992.80,3991.73,3992.83,3990.95,1639116,21.1亿,0.05%
2017-10-31 11:15,3991.99,3995.22,3995.22,3991.36,1549321,21.6亿,0.1%
2017-10-31 11:20,3995.10,3994.08,3995.10,3993.67,1528193,22.3亿,0.04%
2017-10-31 11:25,3994.64,3995.09,3995.15,3993.62,1455291,20.2亿,0.04%
2017-10-31 11:30,3995.17,3995.68,3995.70,3992.88,1225742,17.3亿,0.07%
2017-10-31 13:05,3995.98,3994.40,3997.60,3994.12,1682301,20.7亿,0.09%
2017-10-31 13:10,3994.53,3992.96,3994.53,3992.70,1300069,15.9亿,0.05%
2017-10-31 13:15,3992.97,3989.93,3993.14,3989.65,1486442,19.3亿,0.09%
2017-10-31 13:20,3989.52,3989.89,3990.68,3989.25,1539668,20.3亿,0.04%
2017-10-31 13:25,3990.22,3986.62,3990.22,3986.12,1550643,22.4亿,0.1%
2017-10-31 13:30,3986.33,3989.67,3989.91,3985.96,2090824,24亿,0.1%
2017-10-31 13:35,3990.02,3991.83,3992.46,3989.88,1585336,20.9亿,0.06%
2017-10-31 13:40,3992.13,3997.83,3997.83,3991.76,2131914,25.6亿,0.15%
2017-10-31 13:45,3997.39,3997.24,3998.56,3996.75,1514830,19.8亿,0.05%
2017-10-31 13:50,3997.13,3999.60,3999.60,3996.66,1585998,21.9亿,0.07%
2017-10-31 13:55,3999.36,3999.97,4000.48,3998.56,1774402,24.1亿,0.05%
2017-10-31 14:00,3999.48,4001.55,4001.95,3998.85,1691630,24.4亿,0.08%
2017-10-31 14:05,4001.45,4005.29,4005.84,4001.45,2499262,31.2亿,0.11%
2017-10-31 14:10,4005.34,4000.06,4005.34,4000.04,1772500,23.4亿,0.13%
2017-10-31 14:15,3999.80,4002.94,4003.11,3999.80,1866017,23.6亿,0.08%
2017-10-31 14:20,4002.94,4002.99,4004.19,4002.45,2137022,26.6亿,0.04%
2017-10-31 14:25,4003.40,4005.28,4005.41,4003.21,1835860,24.8亿,0.05%
2017-10-31 14:30,4005.38,4006.90,4007.38,4005.38,2085764,25.5亿,0.05%
2017-10-31 14:35,4006.25,4007.15,4007.43,4005.95,2076349,25.9亿,0.04%
2017-10-31 14:40,4007.22,4008.15,4009.28,4007.22,2238734,28.9亿,0.05%
2017-10-31 14:45,4008.17,4007.44,4008.57,4006.94,2248027,30.3亿,0.04%
2017-10-31 14:50,4006.96,4004.24,4007.67,4004.06,2869271,35.7亿,0.09%
2017-10-31 14:55,4004.63,4006.70,4007.09,4003.77,3402834,41.5亿,0.08%
2017-10-31 15:00,4006.85,4006.72,4008.36,4006.67,4557344,52.2亿,0.04%
2017-11-01 09:35,4007.91,4007.08,4010.05,4002.58,4801980,62亿,0.19%
2017-11-01 09:40,4007.21,4011.29,4013.21,4007.21,3941205,56.9亿,0.15%
2017-11-01 09:45,4011.12,4018.76,4019.10,4010.63,4231115,58.3亿,0.21%
2017-11-01 09:50,4018.99,4022.60,4022.88,4018.42,4645984,63.2亿,0.11%
2017-11-01 09:55,4022.47,4022.50,4025.03,4021.69,4373171,57.6亿,0.08%
2017-11-01 10:00,4022.23,4028.60,4029.09,4022.01,4339260,54.9亿,0.18%
2017-11-01 10:05,4028.80,4032.20,4032.25,4028.43,3897670,51.6亿,0.09%
2017-11-01 10:10,4031.95,4028.92,4032.46,4028.92,3613296,47.7亿,0.09%
2017-11-01 10:15,4029.18,4025.92,4029.18,4024.15,3377035,44.3亿,0.12%
2017-11-01 10:20,4026.35,4027.88,4031.32,4026.35,3289711,43.4亿,0.12%
2017-11-01 10:25,4027.58,4021.23,4027.93,4020.70,3257270,43.5亿,0.18%
2017-11-01 10:30,4021.89,4020.85,4022.73,4020.85,3365176,42.5亿,0.05%
2017-11-01 10:35,4021.49,4019.70,4021.49,4019.41,3174352,40.8亿,0.05%
2017-11-01 10:40,4019.89,4012.70,4020.13,4011.12,3377341,44.4亿,0.22%
2017-11-01 10:45,4013.23,4014.23,4015.26,4011.90,2474887,33.6亿,0.08%
2017-11-01 10:50,4014.53,4010.80,4014.84,4010.80,2145199,29.8亿,0.1%
2017-11-01 10:55,4010.80,4011.23,4013.12,4010.80,2106080,28.4亿,0.06%
2017-11-01 11:00,4011.42,4007.71,4011.42,4007.56,2107580,29.6亿,0.1%
2017-11-01 11:05,4007.25,4007.74,4008.00,4006.02,1896703,26.9亿,0.05%
2017-11-01 11:10,4007.54,4010.25,4011.15,4007.45,1990654,25.2亿,0.09%
2017-11-01 11:15,4010.74,4013.79,4014.05,4010.68,2136391,24.9亿,0.08%
2017-11-01 11:20,4013.97,4013.02,4014.72,4013.02,2001983,24亿,0.04%
2017-11-01 11:25,4012.91,4013.97,4014.52,4012.61,2043438,24.9亿,0.05%
2017-11-01 11:30,4013.73,4006.37,4014.25,4006.20,2625936,31.9亿,0.2%
2017-11-01 13:05,4006.24,4004.43,4006.24,4003.69,2340929,29.1亿,0.06%
2017-11-01 13:10,4003.86,4001.58,4004.12,4001.24,1692239,22亿,0.07%
2017-11-01 13:15,4001.51,3997.52,4001.51,3996.19,2094967,28.5亿,0.13%
2017-11-01 13:20,3997.51,4000.57,4000.57,3995.28,1729631,23.4亿,0.13%
2017-11-01 13:25,4000.04,3999.01,4000.60,3998.96,2028669,23.3亿,0.04%
2017-11-01 13:30,3999.02,3999.02,3999.48,3997.37,2035124,23.4亿,0.05%
2017-11-01 13:35,3998.68,3994.14,3999.43,3994.08,1957401,25亿,0.13%
2017-11-01 13:40,3994.40,3994.05,3994.40,3991.32,2417732,28.8亿,0.08%
2017-11-01 13:45,3993.80,3995.76,3995.82,3993.79,1461842,18.7亿,0.05%
2017-11-01 13:50,3995.76,4000.04,4000.51,3995.36,1850191,22.9亿,0.13%
2017-11-01 13:55,4000.04,4003.97,4004.11,3999.76,2044490,24.8亿,0.11%
2017-11-01 14:00,4003.97,4007.34,4007.34,4003.33,1775590,22.3亿,0.1%
2017-11-01 14:05,4007.33,4006.37,4007.64,4005.74,1612699,20.1亿,0.05%
2017-11-01 14:10,4006.70,4012.51,4013.10,4006.70,1949736,23.9亿,0.16%
2017-11-01 14:15,4013.00,4013.16,4015.82,4012.96,2678590,31.4亿,0.07%
2017-11-01 14:20,4013.75,4009.33,4013.75,4008.93,2186291,26.2亿,0.12%
2017-11-01 14:25,4009.15,4005.47,4009.15,4004.92,2212375,26.9亿,0.11%
2017-11-01 14:30,4005.37,4005.71,4005.74,4003.71,2358611,28.1亿,0.05%
2017-11-01 14:35,4005.35,4004.69,4006.19,4004.38,2418212,28.1亿,0.05%
2017-11-01 14:40,4004.36,3995.04,4004.57,3994.76,3287125,40亿,0.24%
2017-11-01 14:45,3994.88,3998.65,3998.65,3994.33,2745244,34.1亿,0.11%
2017-11-01 14:50,3998.77,3996.00,3999.11,3995.49,2759392,33.3亿,0.09%
2017-11-01 14:55,3996.00,3995.35,3996.37,3995.10,3303928,39.4亿,0.03%
2017-11-01 15:00,3995.11,3996.62,3996.94,3994.95,3717222,43.7亿,0.05%
2017-11-02 09:35,3994.09,3988.28,3994.56,3988.10,6034460,69.1亿,0.16%
2017-11-02 09:40,3987.57,3982.75,3987.57,3980.91,5861284,67亿,0.17%
2017-11-02 09:45,3982.96,3977.86,3984.26,3977.86,4508070,55.2亿,0.16%
2017-11-02 09:50,3978.04,3980.11,3980.11,3972.58,6242137,68.8亿,0.19%
2017-11-02 09:55,3980.54,3978.41,3981.38,3978.14,3721077,46亿,0.08%
2017-11-02 10:00,3978.57,3972.61,3979.27,3971.38,4020310,51亿,0.2%
2017-11-02 10:05,3972.92,3981.28,3981.28,3972.76,3624854,47.7亿,0.21%
2017-11-02 10:10,3980.74,3982.49,3983.88,3980.74,2626069,37.3亿,0.08%
2017-11-02 10:15,3982.42,3979.41,3982.42,3979.41,3690765,41.2亿,0.08%
2017-11-02 10:20,3979.41,3980.80,3981.19,3979.13,2822485,34.5亿,0.05%
2017-11-02 10:25,3980.81,3978.07,3980.81,3977.30,2543978,33.1亿,0.09%
2017-11-02 10:30,3979.11,3978.52,3980.59,3978.16,3139965,36.5亿,0.06%
2017-11-02 10:35,3978.29,3981.28,3981.37,3972.87,4476823,46.9亿,0.21%
2017-11-02 10:40,3981.60,3985.54,3986.38,3981.60,2476270,29.4亿,0.12%
2017-11-02 10:45,3986.16,3981.52,3986.16,3981.52,2155043,25.5亿,0.12%
2017-11-02 10:50,3981.60,3991.57,3991.64,3981.46,2928783,33.8亿,0.26%
2017-11-02 10:55,3991.73,3990.73,3993.17,3990.56,2839357,35亿,0.07%
2017-11-02 11:00,3990.47,3987.74,3990.47,3987.28,1768752,22.3亿,0.08%
2017-11-02 11:05,3987.99,3983.65,3988.09,3983.45,1796751,21.4亿,0.12%
2017-11-02 11:10,3984.00,3982.79,3984.18,3982.79,1745900,22.3亿,0.03%
2017-11-02 11:15,3983.01,3979.54,3983.29,3979.54,1954559,22.8亿,0.09%
2017-11-02 11:20,3979.60,3984.04,3984.04,3979.23,1847528,22.3亿,0.12%
2017-11-02 11:25,3983.71,3981.88,3983.90,3981.79,1316386,18.9亿,0.05%
2017-11-02 11:30,3981.74,3979.75,3981.91,3979.42,1449926,18.3亿,0.06%
2017-11-02 13:05,3979.97,3979.54,3979.97,3976.54,1947826,24亿,0.09%
2017-11-02 13:10,3979.51,3978.34,3980.68,3977.90,1064449,14.5亿,0.07%
2017-11-02 13:15,3977.86,3982.20,3982.87,3975.46,1903879,22.2亿,0.19%
2017-11-02 13:20,3982.25,3982.21,3983.69,3982.21,1081391,14.4亿,0.04%
2017-11-02 13:25,3982.52,3982.03,3982.72,3980.24,1321355,16.5亿,0.06%
2017-11-02 13:30,3982.29,3983.75,3984.65,3981.82,1381029,17.1亿,0.07%
2017-11-02 13:35,3983.57,3978.43,3984.06,3977.81,1533404,19.7亿,0.16%
2017-11-02 13:40,3977.61,3982.58,3983.44,3977.61,1914816,24.1亿,0.15%
2017-11-02 13:45,3982.72,3981.46,3983.41,3981.46,1212910,15.7亿,0.05%
2017-11-02 13:50,3981.18,3979.34,3981.56,3975.41,2460910,29.6亿,0.15%
2017-11-02 13:55,3979.34,3981.09,3982.99,3979.34,1810696,22.6亿,0.09%
2017-11-02 14:00,3981.18,3984.17,3984.48,3979.74,1852444,23.2亿,0.12%
2017-11-02 14:05,3983.93,3981.50,3984.88,3981.13,1421204,18.2亿,0.09%
2017-11-02 14:10,3981.01,3982.38,3982.38,3979.22,2497673,27.1亿,0.08%
2017-11-02 14:15,3982.35,3987.75,3987.75,3981.25,2680622,29.6亿,0.16%
2017-11-02 14:20,3987.80,3989.38,3989.88,3987.04,1959134,23.8亿,0.07%
2017-11-02 14:25,3989.09,3987.15,3989.19,3986.52,1406678,18.7亿,0.07%
2017-11-02 14:30,3987.16,3984.20,3987.16,3983.79,1410413,19.2亿,0.08%
2017-11-02 14:35,3983.96,3987.31,3987.57,3981.04,2638951,29.5亿,0.16%
2017-11-02 14:40,3987.14,3990.55,3990.69,3986.30,2474584,29.6亿,0.11%
2017-11-02 14:45,3991.00,3993.38,3994.27,3991.00,2646365,31.9亿,0.08%
2017-11-02 14:50,3993.53,3993.65,3994.94,3993.31,3264498,37.5亿,0.04%
2017-11-02 14:55,3993.50,3996.84,3999.23,3993.50,4419177,53.1亿,0.14%
2017-11-02 15:00,3996.73,3997.13,3997.45,3995.70,3601147,44.5亿,0.04%
2017-11-03 09:35,3992.35,3997.28,3997.75,3989.36,5501561,65.6亿,0.21%
2017-11-03 09:40,3997.51,3995.90,3997.51,3994.01,3958777,52.2亿,0.09%
2017-11-03 09:45,3995.95,3991.45,3996.10,3990.20,4249074,52.5亿,0.15%
2017-11-03 09:50,3991.49,3992.58,3993.91,3991.29,3970541,45.5亿,0.07%
2017-11-03 09:55,3992.88,3988.78,3992.88,3988.06,3881546,49.8亿,0.12%
2017-11-03 10:00,3988.49,3985.50,3988.87,3984.06,3563274,45.2亿,0.12%
2017-11-03 10:05,3985.44,3990.81,3990.81,3984.70,2774938,36亿,0.15%
2017-11-03 10:10,3990.05,3991.21,3992.01,3990.05,3136306,36.6亿,0.05%
2017-11-03 10:15,3991.29,3991.01,3992.10,3990.54,3465605,37.6亿,0.04%
2017-11-03 10:20,3990.93,3991.10,3991.28,3987.31,3028425,34.4亿,0.1%
2017-11-03 10:25,3991.59,3991.46,3992.82,3991.33,2857610,32.2亿,0.04%
2017-11-03 10:30,3991.46,3996.70,3996.78,3991.19,2337875,30.6亿,0.14%
2017-11-03 10:35,3996.70,3996.98,3999.34,3996.33,2687054,30.8亿,0.08%
2017-11-03 10:40,3996.98,3994.01,3997.40,3993.55,1913071,24.4亿,0.1%
2017-11-03 10:45,3994.45,3992.75,3994.45,3992.49,1879580,24亿,0.05%
2017-11-03 10:50,3992.96,3992.48,3994.08,3991.99,1754049,24.5亿,0.05%
2017-11-03 10:55,3993.01,3989.81,3993.01,3989.20,1964783,25.8亿,0.1%
2017-11-03 11:00,3989.94,3993.48,3993.90,3989.58,1750148,23.8亿,0.11%
2017-11-03 11:05,3993.59,3990.62,3994.20,3990.49,1596329,22亿,0.09%
2017-11-03 11:10,3990.65,3989.43,3990.65,3986.86,2060586,26.2亿,0.1%
2017-11-03 11:15,3989.65,3990.35,3990.96,3989.52,1502007,19.8亿,0.04%
2017-11-03 11:20,3991.21,3989.75,3991.21,3989.32,1531918,19.8亿,0.05%
2017-11-03 11:25,3989.71,3979.54,3990.10,3979.50,2507290,30.6亿,0.27%
2017-11-03 11:30,3979.21,3977.44,3980.98,3977.40,2281980,28.1亿,0.09%
2017-11-03 13:05,3975.97,3974.76,3975.97,3973.78,2566262,31.6亿,0.06%
2017-11-03 13:10,3974.60,3977.75,3977.75,3974.49,1470681,19.4亿,0.08%
2017-11-03 13:15,3977.98,3974.21,3978.17,3974.07,1416023,19亿,0.1%
2017-11-03 13:20,3973.98,3966.58,3974.27,3966.23,2288825,29.9亿,0.2%
2017-11-03 13:25,3966.24,3972.91,3973.07,3965.50,2199888,26.4亿,0.19%
2017-11-03 13:30,3972.78,3972.41,3973.38,3972.17,1249949,17.4亿,0.03%
2017-11-03 13:35,3972.44,3969.44,3972.70,3969.09,1459702,19亿,0.09%
2017-11-03 13:40,3969.38,3970.66,3970.66,3967.41,1670099,20.8亿,0.08%
2017-11-03 13:45,3970.65,3977.75,3977.75,3970.65,1664255,20.8亿,0.18%
2017-11-03 13:50,3978.03,3976.53,3978.39,3976.16,1363588,19.9亿,0.06%
2017-11-03 13:55,3976.00,3974.14,3976.34,3973.01,1321873,18.3亿,0.08%
2017-11-03 14:00,3974.13,3977.45,3977.45,3970.81,2309266,27.5亿,0.17%
2017-11-03 14:05,3977.39,3979.01,3979.10,3977.25,1441207,20.4亿,0.05%
2017-11-03 14:10,3979.01,3973.76,3979.01,3973.34,1481122,19.8亿,0.14%
2017-11-03 14:15,3973.76,3968.91,3974.05,3967.05,3020013,35亿,0.18%
2017-11-03 14:20,3968.83,3974.61,3975.21,3968.83,2543694,30亿,0.16%
2017-11-03 14:25,3974.29,3970.98,3974.51,3970.21,1685722,21.8亿,0.11%
2017-11-03 14:30,3970.58,3966.27,3970.58,3963.03,3151421,37.6亿,0.19%
2017-11-03 14:35,3966.79,3965.35,3968.81,3965.35,2560425,31.5亿,0.09%
2017-11-03 14:40,3964.84,3976.36,3976.36,3964.10,4337326,48.1亿,0.31%
2017-11-03 14:45,3975.99,3982.76,3984.15,3975.99,4688164,51.3亿,0.21%
2017-11-03 14:50,3982.74,3993.51,3993.66,3982.66,6252960,65.9亿,0.28%
2017-11-03 14:55,3993.24,3991.39,3994.11,3990.07,4497938,54.7亿,0.1%
2017-11-03 15:00,3991.40,3992.70,3994.35,3991.02,5620991,65.3亿,0.08%
2017-11-06 09:35,3989.18,3983.65,3990.19,3981.46,4920256,59.5亿,0.22%
2017-11-06 09:40,3983.73,3988.97,3988.97,3983.73,4250837,50.5亿,0.13%
2017-11-06 09:45,3989.03,3988.36,3992.62,3988.11,4020143,50.6亿,0.11%
2017-11-06 09:50,3987.17,3983.62,3987.25,3983.46,3526204,48.3亿,0.1%
2017-11-06 09:55,3983.11,3980.19,3983.86,3979.82,3627633,47.1亿,0.1%
2017-11-06 10:00,3979.45,3978.81,3979.46,3975.41,3781368,49.6亿,0.1%
2017-11-06 10:05,3979.93,3981.77,3982.15,3979.63,2700982,37.5亿,0.06%
2017-11-06 10:10,3982.19,3981.04,3982.92,3980.75,2378636,33.7亿,0.05%
2017-11-06 10:15,3980.93,3977.11,3981.19,3977.11,2977194,37.2亿,0.1%
2017-11-06 10:20,3976.84,3977.81,3978.03,3976.68,3105979,36.8亿,0.03%
2017-11-06 10:25,3977.60,3981.97,3981.97,3977.18,2479826,33.3亿,0.12%
2017-11-06 10:30,3981.97,3984.79,3984.97,3981.66,2120809,30.9亿,0.08%
2017-11-06 10:35,3984.79,3985.21,3986.60,3984.06,2424326,31.5亿,0.06%
2017-11-06 10:40,3985.21,3984.48,3985.32,3983.94,1948416,29亿,0.03%
2017-11-06 10:45,3984.65,3982.18,3984.65,3981.12,1971414,28.8亿,0.09%
2017-11-06 10:50,3982.44,3981.86,3982.44,3979.80,1790082,25亿,0.07%
2017-11-06 10:55,3981.42,3983.31,3984.12,3981.42,1597588,24.8亿,0.07%
2017-11-06 11:00,3982.94,3981.86,3984.21,3981.86,1540985,24.8亿,0.06%
2017-11-06 11:05,3982.12,3983.40,3983.40,3981.67,1526947,21.7亿,0.04%
2017-11-06 11:10,3984.01,3986.49,3986.74,3983.67,2007485,25.1亿,0.08%
2017-11-06 11:15,3986.54,3989.24,3989.24,3986.12,1534512,22.4亿,0.08%
2017-11-06 11:20,3989.21,3988.11,3989.84,3988.11,1464432,20.9亿,0.04%
2017-11-06 11:25,3988.76,3989.65,3989.65,3987.73,1370775,20.5亿,0.05%
2017-11-06 11:30,3989.41,3991.14,3991.60,3989.20,1531148,20.9亿,0.06%
2017-11-06 13:05,3992.25,3993.82,3994.64,3992.25,1874314,26.3亿,0.06%
2017-11-06 13:10,3993.57,3997.69,3998.37,3993.29,1784565,25.1亿,0.13%
2017-11-06 13:15,3998.21,4001.91,4003.01,3997.88,1782071,27.2亿,0.13%
2017-11-06 13:20,4002.27,4000.55,4002.85,4000.26,2169184,27.2亿,0.06%
2017-11-06 13:25,4000.63,4001.32,4001.58,4000.60,2029860,26.2亿,0.02%
2017-11-06 13:30,4001.36,4003.54,4003.57,4001.26,2706287,32.6亿,0.06%
2017-11-06 13:35,4003.20,4001.78,4004.03,4001.54,2295852,29.7亿,0.06%
2017-11-06 13:40,4001.53,4001.67,4002.90,4001.22,2530896,31.1亿,0.04%
2017-11-06 13:45,4001.98,4006.58,4007.41,4001.40,2813289,34.5亿,0.15%
2017-11-06 13:50,4006.75,4010.07,4010.07,4005.68,2131176,27.5亿,0.11%
2017-11-06 13:55,4010.23,4011.66,4014.06,4010.00,2569997,34.1亿,0.1%
2017-11-06 14:00,4012.03,4009.54,4012.52,4008.93,1896391,25.1亿,0.09%
2017-11-06 14:05,4009.22,4012.49,4012.49,4009.22,2111966,27亿,0.08%
2017-11-06 14:10,4012.61,4017.05,4017.05,4012.61,2069036,27.1亿,0.11%
2017-11-06 14:15,4017.05,4017.12,4017.66,4016.34,1933833,27亿,0.03%
2017-11-06 14:20,4017.12,4018.89,4018.94,4016.22,2721663,31.7亿,0.07%
2017-11-06 14:25,4018.89,4016.14,4020.21,4016.14,2724665,34.2亿,0.1%
2017-11-06 14:30,4016.37,4010.62,4016.37,4009.71,2546451,32亿,0.17%
2017-11-06 14:35,4010.34,4007.36,4011.32,4006.70,3991211,41亿,0.12%
2017-11-06 14:40,4006.95,4009.93,4010.25,4006.12,2914301,34.3亿,0.1%
2017-11-06 14:45,4009.23,4008.87,4010.46,4008.52,2715727,33.8亿,0.05%
2017-11-06 14:50,4008.84,4009.57,4009.57,4007.84,2844884,37.5亿,0.04%
2017-11-06 14:55,4009.74,4016.13,4016.13,4009.56,3491621,46.6亿,0.16%
2017-11-06 15:00,4015.84,4020.89,4021.64,4015.75,4126307,52.1亿,0.15%
2017-11-07 09:35,4022.40,4037.02,4037.02,4021.36,7013657,86.3亿,0.39%
2017-11-07 09:40,4036.97,4041.56,4044.67,4036.97,6955084,84.9亿,0.19%
2017-11-07 09:45,4041.80,4043.77,4043.79,4041.10,5663519,74亿,0.07%
2017-11-07 09:50,4044.03,4040.53,4044.03,4036.80,4892444,64.6亿,0.18%
2017-11-07 09:55,4040.54,4045.53,4045.53,4040.54,4105587,56.7亿,0.12%
2017-11-07 10:00,4045.66,4047.49,4049.32,4045.50,4776202,66.6亿,0.09%
2017-11-07 10:05,4047.28,4054.39,4054.43,4047.02,3828344,54.2亿,0.18%
2017-11-07 10:10,4054.45,4054.83,4057.00,4053.86,4449461,59.4亿,0.08%
2017-11-07 10:15,4055.10,4062.29,4062.29,4054.90,4021311,54.1亿,0.18%
2017-11-07 10:20,4062.16,4062.00,4064.22,4061.59,3905385,51.9亿,0.06%
2017-11-07 10:25,4061.27,4054.40,4061.27,4054.32,3565256,47.2亿,0.17%
2017-11-07 10:30,4054.40,4055.79,4055.93,4053.43,2999189,39.7亿,0.06%
2017-11-07 10:35,4055.79,4048.76,4056.61,4048.26,3605398,46.1亿,0.21%
2017-11-07 10:40,4048.76,4054.55,4054.55,4048.23,3472242,42.5亿,0.16%
2017-11-07 10:45,4054.51,4055.51,4055.51,4053.44,2826769,34.9亿,0.05%
2017-11-07 10:50,4055.30,4047.73,4055.46,4047.47,2455511,33.4亿,0.2%
2017-11-07 10:55,4047.42,4046.94,4048.24,4045.77,2388440,32亿,0.06%
2017-11-07 11:00,4047.25,4045.67,4047.55,4044.62,2170520,28.9亿,0.07%
2017-11-07 11:05,4045.40,4046.89,4047.23,4045.19,2215321,27.9亿,0.05%
2017-11-07 11:10,4047.01,4051.69,4051.77,4046.77,2026964,26.7亿,0.12%
2017-11-07 11:15,4051.97,4054.17,4054.22,4051.48,1995612,27.4亿,0.07%
2017-11-07 11:20,4054.39,4058.87,4059.10,4054.04,2814091,36.3亿,0.12%
2017-11-07 11:25,4058.99,4050.91,4058.99,4050.91,3209324,38.6亿,0.2%
2017-11-07 11:30,4050.90,4046.33,4050.90,4045.72,3112928,36.8亿,0.13%
2017-11-07 13:05,4046.34,4045.70,4049.39,4045.48,3126147,37.8亿,0.1%
2017-11-07 13:10,4045.59,4040.96,4046.10,4040.96,2096792,29.3亿,0.13%
2017-11-07 13:15,4040.93,4039.04,4041.61,4038.97,2813756,35.2亿,0.07%
2017-11-07 13:20,4039.39,4041.30,4042.24,4038.63,2569754,32.6亿,0.09%
2017-11-07 13:25,4042.26,4038.26,4042.26,4037.86,3028147,34.5亿,0.11%
2017-11-07 13:30,4038.31,4035.50,4038.49,4035.50,2230702,29.3亿,0.07%
2017-11-07 13:35,4035.73,4041.14,4042.03,4035.27,2527291,28.4亿,0.17%
2017-11-07 13:40,4041.35,4044.46,4044.57,4041.35,2419599,27.1亿,0.08%
2017-11-07 13:45,4044.46,4047.46,4049.14,4044.40,2890248,32.5亿,0.12%
2017-11-07 13:50,4047.37,4040.39,4047.79,4040.29,2239504,27.1亿,0.19%
2017-11-07 13:55,4040.04,4036.98,4040.20,4036.98,2286390,26.6亿,0.08%
2017-11-07 14:00,4037.44,4035.85,4037.44,4033.81,2211214,26.9亿,0.09%
2017-11-07 14:05,4036.06,4038.51,4039.02,4035.87,1583118,20亿,0.08%
2017-11-07 14:10,4038.33,4040.77,4040.90,4038.08,1568289,20.8亿,0.07%
2017-11-07 14:15,4040.77,4043.71,4043.71,4040.39,1628657,21.5亿,0.08%
2017-11-07 14:20,4043.71,4047.66,4047.91,4043.58,2013824,26.7亿,0.11%
2017-11-07 14:25,4047.66,4048.45,4050.56,4047.59,2338818,29亿,0.07%
2017-11-07 14:30,4048.16,4044.70,4048.28,4044.70,2473944,31.4亿,0.09%
2017-11-07 14:35,4045.02,4046.54,4047.25,4044.12,3485425,42.4亿,0.08%
2017-11-07 14:40,4046.86,4045.74,4047.12,4045.74,2914011,36.9亿,0.03%
2017-11-07 14:45,4046.41,4043.07,4046.41,4041.85,3091232,40.3亿,0.11%
2017-11-07 14:50,4042.12,4045.55,4045.64,4041.79,2988931,39亿,0.1%
2017-11-07 14:55,4044.97,4047.65,4047.65,4044.97,3574171,46.8亿,0.07%
2017-11-07 15:00,4047.64,4054.25,4055.55,4047.64,4732536,57亿,0.2%
2017-11-08 09:35,4051.49,4056.28,4056.57,4048.36,5577915,74.4亿,0.2%
2017-11-08 09:40,4055.77,4054.56,4056.01,4053.10,4954439,64.4亿,0.07%
2017-11-08 09:45,4054.18,4053.27,4054.47,4051.99,5071704,62.4亿,0.06%
2017-11-08 09:50,4053.38,4051.11,4053.38,4050.67,4512438,60.1亿,0.07%
2017-11-08 09:55,4051.23,4063.43,4063.71,4051.23,4258231,54.8亿,0.31%
2017-11-08 10:00,4064.32,4066.42,4066.43,4064.08,4175245,52.5亿,0.06%
2017-11-08 10:05,4066.32,4067.43,4067.87,4065.95,4526900,53.4亿,0.05%
2017-11-08 10:10,4067.82,4066.07,4068.06,4065.76,4045124,48.2亿,0.06%
2017-11-08 10:15,4065.89,4070.79,4070.79,4065.89,3388796,45.2亿,0.12%
2017-11-08 10:20,4070.48,4067.69,4072.22,4067.69,3743250,47.6亿,0.11%
2017-11-08 10:25,4067.69,4067.92,4067.92,4065.98,3189857,40.6亿,0.05%
2017-11-08 10:30,4067.96,4071.92,4071.97,4067.96,2838869,38.2亿,0.1%
2017-11-08 10:35,4071.46,4067.84,4072.10,4067.34,3127564,40.3亿,0.12%
2017-11-08 10:40,4068.09,4072.88,4073.06,4067.37,2674449,34.6亿,0.14%
2017-11-08 10:45,4072.93,4076.14,4076.48,4072.40,2550012,34.3亿,0.1%
2017-11-08 10:50,4076.86,4080.90,4081.06,4076.86,2826435,38.8亿,0.1%
2017-11-08 10:55,4080.87,4081.33,4083.88,4080.87,3066914,39.2亿,0.07%
2017-11-08 11:00,4080.76,4079.97,4081.51,4079.45,3927586,43.3亿,0.05%
2017-11-08 11:05,4080.03,4075.79,4080.03,4075.62,2781239,34.2亿,0.11%
2017-11-08 11:10,4075.90,4076.60,4077.57,4075.52,2031200,27.7亿,0.05%
2017-11-08 11:15,4076.71,4082.32,4083.13,4076.63,2653588,33.4亿,0.16%
2017-11-08 11:20,4081.92,4086.38,4087.17,4081.63,2879142,37.7亿,0.14%
2017-11-08 11:25,4086.17,4087.31,4087.43,4084.90,3038739,38.9亿,0.06%
2017-11-08 11:30,4087.43,4086.07,4088.40,4085.78,3944555,47.2亿,0.06%
2017-11-08 13:05,4087.28,4081.44,4089.15,4081.44,4079681,51.5亿,0.19%
2017-11-08 13:10,4082.02,4077.33,4082.64,4077.33,2550476,35.5亿,0.13%
2017-11-08 13:15,4077.80,4074.68,4079.68,4074.68,3467467,38.1亿,0.12%
2017-11-08 13:20,4074.85,4076.14,4076.53,4073.98,2407703,31.3亿,0.06%
2017-11-08 13:25,4076.43,4074.47,4077.95,4074.47,2294707,31.8亿,0.09%
2017-11-08 13:30,4074.34,4076.15,4078.48,4074.34,2187089,31.3亿,0.1%
2017-11-08 13:35,4075.87,4066.86,4076.50,4066.06,2970383,39.2亿,0.26%
2017-11-08 13:40,4066.39,4066.66,4068.72,4065.63,2432008,35亿,0.08%
2017-11-08 13:45,4066.08,4061.73,4066.30,4061.18,2583853,38.5亿,0.13%
2017-11-08 13:50,4061.73,4065.03,4065.63,4061.51,1935911,29.7亿,0.1%
2017-11-08 13:55,4065.03,4062.07,4065.06,4061.99,1983208,32.1亿,0.08%
2017-11-08 14:00,4062.05,4064.05,4064.72,4061.26,2184688,34亿,0.09%
2017-11-08 14:05,4064.03,4061.47,4064.30,4061.13,2270460,34.5亿,0.08%
2017-11-08 14:10,4061.58,4057.67,4063.03,4057.51,2327266,33.7亿,0.14%
2017-11-08 14:15,4057.95,4055.85,4057.95,4054.44,2502295,38.2亿,0.09%
2017-11-08 14:20,4056.68,4054.49,4056.70,4052.87,2133098,36.8亿,0.09%
2017-11-08 14:25,4055.23,4054.62,4055.79,4054.04,2191472,34.8亿,0.04%
2017-11-08 14:30,4054.81,4044.04,4054.97,4043.46,2944314,49.3亿,0.28%
2017-11-08 14:35,4043.52,4044.51,4044.73,4041.13,3344048,49亿,0.09%
2017-11-08 14:40,4044.98,4047.01,4048.89,4044.98,2177766,31亿,0.1%
2017-11-08 14:45,4046.75,4041.30,4046.89,4041.30,3170621,40.1亿,0.14%
2017-11-08 14:50,4040.63,4043.64,4043.78,4040.58,3030093,39.8亿,0.08%
2017-11-08 14:55,4043.87,4043.00,4043.94,4042.24,3197242,42.7亿,0.04%
2017-11-08 15:00,4042.80,4048.01,4048.01,4042.80,3897994,50.9亿,0.13%
2017-11-09 09:35,4043.07,4047.63,4047.63,4042.37,6354749,80.3亿,0.13%
2017-11-09 09:40,4047.64,4044.55,4049.38,4043.73,5011722,65.8亿,0.14%
2017-11-09 09:45,4044.96,4051.70,4051.78,4042.79,4941797,60.9亿,0.22%
2017-11-09 09:50,4051.60,4049.40,4052.93,4049.40,4700395,57.6亿,0.09%
2017-11-09 09:55,4049.57,4044.10,4049.57,4042.41,4066244,51.5亿,0.18%
2017-11-09 10:00,4044.34,4044.98,4044.98,4040.38,3511416,50.5亿,0.11%
2017-11-09 10:05,4045.27,4045.88,4046.64,4044.66,3204699,44.4亿,0.05%
2017-11-09 10:10,4046.30,4046.06,4048.93,4045.81,3480097,43.4亿,0.08%
2017-11-09 10:15,4046.10,4042.09,4046.10,4041.01,3476930,42.3亿,0.13%
2017-11-09 10:20,4042.23,4042.16,4042.60,4040.89,2954440,36.6亿,0.04%
2017-11-09 10:25,4042.46,4041.36,4042.63,4040.71,2614163,32.6亿,0.05%
2017-11-09 10:30,4041.49,4043.99,4043.99,4038.40,2301587,31.5亿,0.14%
2017-11-09 10:35,4043.96,4044.51,4045.49,4043.71,1868250,25亿,0.04%
2017-11-09 10:40,4044.60,4043.79,4044.99,4042.55,2537177,29.6亿,0.06%
2017-11-09 10:45,4043.47,4044.25,4044.25,4042.67,1906294,23.3亿,0.04%
2017-11-09 10:50,4044.12,4047.98,4048.09,4043.96,2093456,27.4亿,0.1%
2017-11-09 10:55,4048.09,4052.10,4052.10,4047.92,1678109,23亿,0.1%
2017-11-09 11:00,4051.82,4052.04,4053.71,4051.71,1578449,23亿,0.05%
2017-11-09 11:05,4052.45,4050.78,4052.74,4050.78,1369960,19亿,0.05%
2017-11-09 11:10,4050.97,4048.88,4050.97,4048.85,1330380,18.3亿,0.05%
2017-11-09 11:15,4048.88,4049.28,4050.08,4048.88,1401165,20.4亿,0.03%
2017-11-09 11:20,4049.55,4052.60,4053.53,4049.51,1912016,23.5亿,0.1%
2017-11-09 11:25,4052.88,4051.64,4053.78,4051.62,1604434,21.2亿,0.05%
2017-11-09 11:30,4051.55,4049.89,4051.59,4049.17,1770108,21.7亿,0.06%
2017-11-09 13:05,4050.42,4048.04,4051.09,4047.75,1517867,20.6亿,0.08%
2017-11-09 13:10,4047.81,4045.36,4048.45,4045.16,1156976,16.5亿,0.08%
2017-11-09 13:15,4045.30,4044.50,4045.52,4044.03,1478225,18.7亿,0.04%
2017-11-09 13:20,4044.93,4045.59,4046.05,4044.44,1219301,16.3亿,0.04%
2017-11-09 13:25,4045.46,4041.85,4045.70,4040.76,1694542,22.5亿,0.12%
2017-11-09 13:30,4042.10,4044.90,4045.42,4040.99,1804946,25.4亿,0.11%
2017-11-09 13:35,4045.19,4043.62,4045.30,4043.16,1522621,22.3亿,0.05%
2017-11-09 13:40,4043.82,4049.46,4049.46,4043.49,1811010,25.4亿,0.15%
2017-11-09 13:45,4049.61,4049.79,4050.80,4049.37,1570114,23.1亿,0.04%
2017-11-09 13:50,4049.95,4046.76,4049.95,4046.46,1452331,20.7亿,0.09%
2017-11-09 13:55,4046.76,4043.93,4047.33,4043.15,1711063,22.5亿,0.1%
2017-11-09 14:00,4043.93,4047.32,4047.89,4043.93,1632516,21.8亿,0.1%
2017-11-09 14:05,4047.25,4047.60,4047.70,4046.35,1536831,21亿,0.03%
2017-11-09 14:10,4047.35,4046.79,4049.07,4046.30,2071053,26.9亿,0.07%
2017-11-09 14:15,4046.96,4055.28,4055.81,4046.30,2438327,33.4亿,0.24%
2017-11-09 14:20,4055.70,4054.96,4055.70,4054.29,1948935,27.8亿,0.03%
2017-11-09 14:25,4055.23,4052.75,4056.23,4052.53,1918949,26.3亿,0.09%
2017-11-09 14:30,4052.95,4052.31,4053.34,4051.45,1900160,28.1亿,0.05%
2017-11-09 14:35,4052.20,4060.02,4060.82,4051.67,3068176,38.2亿,0.23%
2017-11-09 14:40,4060.82,4062.24,4062.45,4060.50,3173920,39.1亿,0.05%
2017-11-09 14:45,4061.79,4065.64,4065.72,4061.40,3395388,43.7亿,0.11%
2017-11-09 14:50,4065.10,4069.71,4070.00,4065.10,3481813,48亿,0.12%
2017-11-09 14:55,4069.62,4072.10,4073.17,4069.05,3927770,54.1亿,0.1%
2017-11-09 15:00,4072.06,4075.90,4076.61,4072.06,5179848,67.8亿,0.11%
2017-11-10 09:35,4070.28,4076.09,4076.43,4068.56,5047165,70.1亿,0.19%
2017-11-10 09:40,4076.09,4078.11,4078.65,4075.76,4687093,68.7亿,0.07%
2017-11-10 09:45,4077.45,4079.26,4079.28,4076.34,4653224,63.3亿,0.07%
2017-11-10 09:50,4079.35,4069.89,4079.62,4067.66,4618894,61.9亿,0.29%
2017-11-10 09:55,4070.02,4075.56,4076.41,4070.02,3777659,51.3亿,0.16%
2017-11-10 10:00,4075.40,4080.31,4080.95,4075.18,3651027,54.5亿,0.14%
2017-11-10 10:05,4080.46,4075.08,4080.46,4074.87,4081086,52.8亿,0.14%
2017-11-10 10:10,4075.21,4077.13,4079.70,4074.80,3415007,49.2亿,0.12%
2017-11-10 10:15,4077.14,4081.03,4081.03,4076.51,3140725,45.5亿,0.11%
2017-11-10 10:20,4081.32,4081.02,4082.08,4080.61,3386444,46.9亿,0.04%
2017-11-10 10:25,4080.75,4076.97,4080.75,4076.44,3397486,45.3亿,0.11%
2017-11-10 10:30,4076.94,4077.65,4078.03,4076.83,2591403,38亿,0.03%
2017-11-10 10:35,4077.65,4075.59,4078.40,4075.59,2215619,32.4亿,0.07%
2017-11-10 10:40,4075.59,4078.11,4078.61,4074.36,2236643,31.6亿,0.1%
2017-11-10 10:45,4078.34,4079.49,4080.68,4078.34,2304307,35.1亿,0.06%
2017-11-10 10:50,4079.25,4083.75,4083.86,4079.25,2380008,38.6亿,0.11%
2017-11-10 10:55,4084.40,4082.30,4084.74,4081.57,2472977,37.6亿,0.08%
2017-11-10 11:00,4082.83,4082.37,4083.13,4081.75,2147672,29.8亿,0.03%
2017-11-10 11:05,4081.82,4082.47,4082.84,4081.34,2447084,30.8亿,0.04%
2017-11-10 11:10,4082.50,4087.57,4088.48,4082.50,2490616,34.7亿,0.15%
2017-11-10 11:15,4087.08,4092.34,4092.73,4087.08,2300728,32.2亿,0.14%
2017-11-10 11:20,4092.65,4091.81,4093.79,4090.86,2148320,31.2亿,0.07%
2017-11-10 11:25,4091.49,4096.92,4097.00,4091.49,2048726,31.2亿,0.13%
2017-11-10 11:30,4096.87,4096.97,4098.35,4096.38,2122944,29.5亿,0.05%
2017-11-10 13:05,4098.01,4101.94,4101.94,4098.01,2685586,35.9亿,0.1%
2017-11-10 13:10,4101.61,4102.79,4102.82,4101.26,2722500,37.2亿,0.04%
2017-11-10 13:15,4102.76,4104.23,4105.11,4102.45,2939945,38.2亿,0.06%
2017-11-10 13:20,4104.04,4102.48,4105.46,4102.25,2409192,34.9亿,0.08%
2017-11-10 13:25,4102.22,4099.54,4102.22,4098.68,2161319,32.4亿,0.09%
2017-11-10 13:30,4099.52,4099.73,4100.22,4098.66,1955566,27.5亿,0.04%
2017-11-10 13:35,4099.89,4104.09,4104.09,4099.83,2093863,28.1亿,0.1%
2017-11-10 13:40,4104.32,4105.38,4107.01,4104.10,3210190,37.7亿,0.07%
2017-11-10 13:45,4105.36,4108.13,4108.25,4105.36,2346663,29.5亿,0.07%
2017-11-10 13:50,4108.36,4112.86,4112.90,4108.02,2455450,35.5亿,0.12%
2017-11-10 13:55,4113.18,4109.83,4113.67,4109.55,2429571,35.3亿,0.1%
2017-11-10 14:00,4109.44,4107.63,4109.76,4107.07,2430315,31.5亿,0.07%
2017-11-10 14:05,4107.27,4112.03,4112.63,4107.17,2653760,41亿,0.13%
2017-11-10 14:10,4112.17,4111.95,4113.94,4111.78,2445651,36.7亿,0.05%
2017-11-10 14:15,4112.03,4105.31,4113.31,4105.06,2883357,41.5亿,0.2%
2017-11-10 14:20,4105.31,4099.19,4105.38,4099.07,2784556,39.6亿,0.15%
2017-11-10 14:25,4098.70,4099.86,4100.54,4098.65,2391697,32.3亿,0.05%
2017-11-10 14:30,4099.95,4103.43,4103.43,4099.35,2173471,30.3亿,0.1%
2017-11-10 14:35,4103.18,4105.92,4106.94,4103.18,2504788,35.8亿,0.09%
2017-11-10 14:40,4106.19,4112.37,4112.37,4105.67,2525252,38.2亿,0.16%
2017-11-10 14:45,4113.16,4115.65,4116.71,4113.16,3681916,52.8亿,0.09%
2017-11-10 14:50,4116.01,4112.37,4116.58,4111.57,3653733,51.9亿,0.12%
2017-11-10 14:55,4112.00,4110.61,4113.66,4110.61,4896009,64.3亿,0.07%
2017-11-10 15:00,4110.64,4111.91,4112.38,4108.91,4947498,69.7亿,0.08%